date,cum_AB_poultry_infectious,cum_BC_poultry_infectious,cum_MB_poultry_infectious,cum_NS_poultry_infectious,cum_ON_poultry_infectious,cum_QC_poultry_infectious,cum_SK_poultry_infectious,AB_cum_year,BC_cum_year,MB_cum_year,NS_cum_year,ON_cum_year,QC_cum_year,SK_cum_year,cum_total_poultry_infectious,total_cum_year
2022-02-03,0,0,0,1,0,0,0,0,0,0,1,0,0,0,1,1
2022-02-04,0,0,0,1,0,0,0,0,0,0,1,0,0,0,1,1
2022-02-05,0,0,0,1,0,0,0,0,0,0,1,0,0,0,1,1
2022-02-06,0,0,0,1,0,0,0,0,0,0,1,0,0,0,1,1
2022-02-07,0,0,0,1,0,0,0,0,0,0,1,0,0,0,1,1
2022-02-08,0,0,0,1,0,0,0,0,0,0,1,0,0,0,1,1
2022-02-09,0,0,0,1,0,0,0,0,0,0,1,0,0,0,1,1
2022-02-10,0,0,0,1,0,0,0,0,0,0,1,0,0,0,1,1
2022-02-11,0,0,0,2,0,0,0,0,0,0,2,0,0,0,2,2
2022-02-12,0,0,0,2,0,0,0,0,0,0,2,0,0,0,2,2
2022-02-13,0,0,0,2,0,0,0,0,0,0,2,0,0,0,2,2
2022-02-14,0,0,0,2,0,0,0,0,0,0,2,0,0,0,2,2
2022-02-15,0,0,0,2,0,0,0,0,0,0,2,0,0,0,2,2
2022-02-16,0,0,0,2,0,0,0,0,0,0,2,0,0,0,2,2
2022-02-17,0,0,0,2,0,0,0,0,0,0,2,0,0,0,2,2
2022-02-18,0,0,0,2,0,0,0,0,0,0,2,0,0,0,2,2
2022-02-19,0,0,0,2,0,0,0,0,0,0,2,0,0,0,2,2
2022-02-20,0,0,0,2,0,0,0,0,0,0,2,0,0,0,2,2
2022-02-21,0,0,0,2,0,0,0,0,0,0,2,0,0,0,2,2
2022-02-22,0,0,0,2,0,0,0,0,0,0,2,0,0,0,2,2
2022-02-23,0,0,0,2,0,0,0,0,0,0,2,0,0,0,2,2
2022-02-24,0,0,0,2,0,0,0,0,0,0,2,0,0,0,2,2
2022-02-25,0,0,0,2,0,0,0,0,0,0,2,0,0,0,2,2
2022-02-26,0,0,0,2,0,0,0,0,0,0,2,0,0,0,2,2
2022-02-27,0,0,0,2,0,0,0,0,0,0,2,0,0,0,2,2
2022-02-28,0,0,0,2,0,0,0,0,0,0,2,0,0,0,2,2
2022-03-01,0,0,0,2,0,0,0,0,0,0,2,0,0,0,2,2
2022-03-02,0,0,0,2,0,0,0,0,0,0,2,0,0,0,2,2
2022-03-03,0,0,0,2,0,0,0,0,0,0,2,0,0,0,2,2
2022-03-04,0,0,0,2,0,0,0,0,0,0,2,0,0,0,2,2
2022-03-05,0,0,0,2,0,0,0,0,0,0,2,0,0,0,2,2
2022-03-06,0,0,0,2,0,0,0,0,0,0,2,0,0,0,2,2
2022-03-07,0,0,0,2,0,0,0,0,0,0,2,0,0,0,2,2
2022-03-08,0,0,0,2,0,0,0,0,0,0,2,0,0,0,2,2
2022-03-09,0,0,0,2,0,0,0,0,0,0,2,0,0,0,2,2
2022-03-10,0,0,0,2,0,0,0,0,0,0,2,0,0,0,2,2
2022-03-11,0,0,0,2,0,0,0,0,0,0,2,0,0,0,2,2
2022-03-12,0,0,0,2,0,0,0,0,0,0,2,0,0,0,2,2
2022-03-13,0,0,0,2,0,0,0,0,0,0,2,0,0,0,2,2
2022-03-14,0,0,0,2,0,0,0,0,0,0,2,0,0,0,2,2
2022-03-15,0,0,0,2,0,0,0,0,0,0,2,0,0,0,2,2
2022-03-16,0,0,0,2,0,0,0,0,0,0,2,0,0,0,2,2
2022-03-17,0,0,0,2,0,0,0,0,0,0,2,0,0,0,2,2
2022-03-18,0,0,0,2,0,0,0,0,0,0,2,0,0,0,2,2
2022-03-19,0,0,0,2,0,0,0,0,0,0,2,0,0,0,2,2
2022-03-20,0,0,0,2,0,0,0,0,0,0,2,0,0,0,2,2
2022-03-21,0,0,0,2,0,0,0,0,0,0,2,0,0,0,2,2
2022-03-22,0,0,0,2,0,0,0,0,0,0,2,0,0,0,2,2
2022-03-23,0,0,0,2,0,0,0,0,0,0,2,0,0,0,2,2
2022-03-24,0,0,0,2,0,0,0,0,0,0,2,0,0,0,2,2
2022-03-25,0,0,0,2,0,0,0,0,0,0,2,0,0,0,2,2
2022-03-26,0,0,0,2,0,0,0,0,0,0,2,0,0,0,2,2
2022-03-27,0,0,0,2,1,0,0,0,0,0,2,1,0,0,3,3
2022-03-28,0,0,0,2,2,0,0,0,0,0,2,2,0,0,4,4
2022-03-29,0,0,0,2,2,0,0,0,0,0,2,2,0,0,4,4
2022-03-30,0,0,0,2,3,0,0,0,0,0,2,3,0,0,5,5
2022-03-31,0,0,0,2,3,0,0,0,0,0,2,3,0,0,5,5
2022-04-01,0,0,0,2,3,0,0,0,0,0,2,3,0,0,5,5
2022-04-02,0,0,0,2,3,0,0,0,0,0,2,3,0,0,5,5
2022-04-03,0,0,0,2,3,0,0,0,0,0,2,3,0,0,5,5
2022-04-04,0,0,0,2,4,0,0,0,0,0,2,4,0,0,6,6
2022-04-05,0,0,0,2,5,0,0,0,0,0,2,5,0,0,7,7
2022-04-06,3,0,0,2,7,0,0,3,0,0,2,7,0,0,12,12
2022-04-07,3,0,0,2,7,0,0,3,0,0,2,7,0,0,12,12
2022-04-08,4,0,0,2,7,0,0,4,0,0,2,7,0,0,13,13
2022-04-09,5,0,0,2,8,0,0,5,0,0,2,8,0,0,15,15
2022-04-10,6,0,0,2,9,0,0,6,0,0,2,9,0,0,17,17
2022-04-11,7,0,0,2,9,0,0,7,0,0,2,9,0,0,18,18
2022-04-12,8,0,0,2,11,1,0,8,0,0,2,11,1,0,22,22
2022-04-13,8,1,0,2,11,1,0,8,1,0,2,11,1,0,23,23
2022-04-14,10,1,0,2,13,2,0,10,1,0,2,13,2,0,28,28
2022-04-15,11,1,0,2,13,2,1,11,1,0,2,13,2,1,30,30
2022-04-16,11,1,0,2,13,2,2,11,1,0,2,13,2,2,31,31
2022-04-17,11,1,0,2,13,3,2,11,1,0,2,13,3,2,32,32
2022-04-18,11,1,0,2,13,3,2,11,1,0,2,13,3,2,32,32
2022-04-19,11,1,0,2,13,3,2,11,1,0,2,13,3,2,32,32
2022-04-20,12,1,0,2,13,3,2,12,1,0,2,13,3,2,33,33
2022-04-21,13,1,0,2,14,4,2,13,1,0,2,14,4,2,36,36
2022-04-22,13,1,0,2,14,4,3,13,1,0,2,14,4,3,37,37
2022-04-23,13,1,1,2,14,4,3,13,1,1,2,14,4,3,38,38
2022-04-24,14,1,1,2,14,4,4,14,1,1,2,14,4,4,40,40
2022-04-25,15,1,1,2,14,4,4,15,1,1,2,14,4,4,41,41
2022-04-26,15,1,1,2,15,4,5,15,1,1,2,15,4,5,43,43
2022-04-27,15,1,1,2,15,4,5,15,1,1,2,15,4,5,43,43
2022-04-28,15,1,1,2,15,4,5,15,1,1,2,15,4,5,43,43
2022-04-29,15,1,1,2,16,4,5,15,1,1,2,16,4,5,44,44
2022-04-30,15,1,1,2,16,4,5,15,1,1,2,16,4,5,44,44
2022-05-01,17,1,1,2,16,4,5,17,1,1,2,16,4,5,46,46
2022-05-02,17,1,1,2,16,4,5,17,1,1,2,16,4,5,46,46
2022-05-03,17,1,1,2,16,4,5,17,1,1,2,16,4,5,46,46
2022-05-04,17,1,1,2,17,4,6,17,1,1,2,17,4,6,48,48
2022-05-05,18,1,1,2,17,4,6,18,1,1,2,17,4,6,49,49
2022-05-06,18,1,1,2,18,4,6,18,1,1,2,18,4,6,50,50
2022-05-07,18,1,1,2,18,4,6,18,1,1,2,18,4,6,50,50
2022-05-08,18,1,1,2,18,4,6,18,1,1,2,18,4,6,50,50
2022-05-09,18,1,1,2,18,4,6,18,1,1,2,18,4,6,50,50
2022-05-10,18,1,1,2,19,4,6,18,1,1,2,19,4,6,51,51
2022-05-11,19,1,1,2,19,4,6,19,1,1,2,19,4,6,52,52
2022-05-12,19,1,1,2,19,4,6,19,1,1,2,19,4,6,52,52
2022-05-13,19,1,1,2,19,4,6,19,1,1,2,19,4,6,52,52
2022-05-14,19,1,1,2,19,4,6,19,1,1,2,19,4,6,52,52
2022-05-15,19,1,1,2,19,4,6,19,1,1,2,19,4,6,52,52
2022-05-16,19,1,1,2,19,4,6,19,1,1,2,19,4,6,52,52
2022-05-17,19,1,1,2,19,4,6,19,1,1,2,19,4,6,52,52
2022-05-18,19,1,1,2,20,4,6,19,1,1,2,20,4,6,53,53
2022-05-19,19,2,1,2,20,4,6,19,2,1,2,20,4,6,54,54
2022-05-20,19,3,1,2,20,4,6,19,3,1,2,20,4,6,55,55
2022-05-21,19,3,1,2,20,4,6,19,3,1,2,20,4,6,55,55
2022-05-22,19,3,1,2,20,4,6,19,3,1,2,20,4,6,55,55
2022-05-23,19,3,1,2,20,4,6,19,3,1,2,20,4,6,55,55
2022-05-24,19,3,1,2,20,4,6,19,3,1,2,20,4,6,55,55
2022-05-25,19,3,1,2,20,4,6,19,3,1,2,20,4,6,55,55
2022-05-26,19,3,1,2,20,4,6,19,3,1,2,20,4,6,55,55
2022-05-27,19,3,1,2,20,4,6,19,3,1,2,20,4,6,55,55
2022-05-28,19,3,1,2,20,4,6,19,3,1,2,20,4,6,55,55
2022-05-29,19,3,1,2,20,4,6,19,3,1,2,20,4,6,55,55
2022-05-30,19,3,1,2,20,4,6,19,3,1,2,20,4,6,55,55
2022-05-31,19,3,1,2,20,4,6,19,3,1,2,20,4,6,55,55
2022-06-01,19,3,1,2,20,4,6,19,3,1,2,20,4,6,55,55
2022-06-02,19,3,1,2,20,4,6,19,3,1,2,20,4,6,55,55
2022-06-03,19,3,1,2,20,4,6,19,3,1,2,20,4,6,55,55
2022-06-04,19,3,1,2,20,4,6,19,3,1,2,20,4,6,55,55
2022-06-05,19,3,1,2,20,4,6,19,3,1,2,20,4,6,55,55
2022-06-06,19,3,1,2,20,4,6,19,3,1,2,20,4,6,55,55
2022-06-07,19,3,1,2,20,4,6,19,3,1,2,20,4,6,55,55
2022-06-08,19,4,1,2,20,4,6,19,4,1,2,20,4,6,56,56
2022-06-09,19,4,1,2,20,4,6,19,4,1,2,20,4,6,56,56
2022-06-10,19,4,1,2,20,4,6,19,4,1,2,20,4,6,56,56
2022-06-11,19,4,1,2,20,4,6,19,4,1,2,20,4,6,56,56
2022-06-12,19,4,1,2,20,4,6,19,4,1,2,20,4,6,56,56
2022-06-13,19,4,1,2,20,4,6,19,4,1,2,20,4,6,56,56
2022-06-14,19,4,1,2,20,4,6,19,4,1,2,20,4,6,56,56
2022-06-15,19,4,1,2,20,4,6,19,4,1,2,20,4,6,56,56
2022-06-16,19,4,1,2,20,4,6,19,4,1,2,20,4,6,56,56
2022-06-17,19,4,1,2,20,4,6,19,4,1,2,20,4,6,56,56
2022-06-18,19,4,1,2,20,4,6,19,4,1,2,20,4,6,56,56
2022-06-19,19,4,1,2,20,4,6,19,4,1,2,20,4,6,56,56
2022-06-20,19,4,1,2,20,4,6,19,4,1,2,20,4,6,56,56
2022-06-21,19,4,1,2,20,4,6,19,4,1,2,20,4,6,56,56
2022-06-22,19,4,1,2,20,4,6,19,4,1,2,20,4,6,56,56
2022-06-23,19,4,1,2,20,4,6,19,4,1,2,20,4,6,56,56
2022-06-24,19,4,1,2,20,4,6,19,4,1,2,20,4,6,56,56
2022-06-25,19,4,1,2,20,4,6,19,4,1,2,20,4,6,56,56
2022-06-26,19,4,1,2,20,4,6,19,4,1,2,20,4,6,56,56
2022-06-27,19,4,1,2,20,4,6,19,4,1,2,20,4,6,56,56
2022-06-28,19,4,1,2,20,5,6,19,4,1,2,20,5,6,57,57
2022-06-29,19,4,1,2,20,5,6,19,4,1,2,20,5,6,57,57
2022-06-30,19,4,1,2,20,5,6,19,4,1,2,20,5,6,57,57
2022-07-01,19,4,1,2,20,5,6,19,4,1,2,20,5,6,57,57
2022-07-02,19,4,1,2,20,5,6,19,4,1,2,20,5,6,57,57
2022-07-03,19,4,1,2,20,6,6,19,4,1,2,20,6,6,58,58
2022-07-04,19,4,1,2,20,6,6,19,4,1,2,20,6,6,58,58
2022-07-05,19,4,1,2,20,6,6,19,4,1,2,20,6,6,58,58
2022-07-06,19,4,1,2,20,6,6,19,4,1,2,20,6,6,58,58
2022-07-07,19,4,1,2,20,6,6,19,4,1,2,20,6,6,58,58
2022-07-08,19,4,1,2,20,6,6,19,4,1,2,20,6,6,58,58
2022-07-09,19,4,1,2,20,7,6,19,4,1,2,20,7,6,59,59
2022-07-10,19,4,1,2,20,7,6,19,4,1,2,20,7,6,59,59
2022-07-11,19,4,1,2,20,7,6,19,4,1,2,20,7,6,59,59
2022-07-12,19,4,1,2,20,7,6,19,4,1,2,20,7,6,59,59
2022-07-13,19,4,1,2,20,7,6,19,4,1,2,20,7,6,59,59
2022-07-14,19,4,1,2,20,7,6,19,4,1,2,20,7,6,59,59
2022-07-15,19,4,1,2,20,7,6,19,4,1,2,20,7,6,59,59
2022-07-16,19,4,1,2,20,7,6,19,4,1,2,20,7,6,59,59
2022-07-17,19,4,1,2,20,7,6,19,4,1,2,20,7,6,59,59
2022-07-18,19,4,1,2,20,7,6,19,4,1,2,20,7,6,59,59
2022-07-19,19,4,1,2,20,7,6,19,4,1,2,20,7,6,59,59
2022-07-20,19,4,1,2,20,7,6,19,4,1,2,20,7,6,59,59
2022-07-21,19,4,1,2,20,8,6,19,4,1,2,20,8,6,60,60
2022-07-22,19,4,1,2,20,8,6,19,4,1,2,20,8,6,60,60
2022-07-23,19,4,1,2,20,8,6,19,4,1,2,20,8,6,60,60
2022-07-24,19,4,1,2,20,8,6,19,4,1,2,20,8,6,60,60
2022-07-25,19,4,1,2,20,8,6,19,4,1,2,20,8,6,60,60
2022-07-26,19,4,1,2,20,8,6,19,4,1,2,20,8,6,60,60
2022-07-27,19,4,1,2,20,8,6,19,4,1,2,20,8,6,60,60
2022-07-28,20,4,1,2,20,8,6,20,4,1,2,20,8,6,61,61
2022-07-29,20,4,1,2,20,8,6,20,4,1,2,20,8,6,61,61
2022-07-30,20,4,1,2,20,8,6,20,4,1,2,20,8,6,61,61
2022-07-31,20,4,1,2,20,8,6,20,4,1,2,20,8,6,61,61
2022-08-01,20,4,1,2,20,9,6,20,4,1,2,20,9,6,62,62
2022-08-02,20,4,1,2,20,9,6,20,4,1,2,20,9,6,62,62
2022-08-03,20,4,1,2,20,9,6,20,4,1,2,20,9,6,62,62
2022-08-04,20,4,1,2,20,9,6,20,4,1,2,20,9,6,62,62
2022-08-05,20,4,1,2,20,9,6,20,4,1,2,20,9,6,62,62
2022-08-06,20,4,1,2,20,9,6,20,4,1,2,20,9,6,62,62
2022-08-07,20,4,1,2,20,9,6,20,4,1,2,20,9,6,62,62
2022-08-08,20,4,1,2,20,9,6,20,4,1,2,20,9,6,62,62
2022-08-09,20,4,1,2,20,9,6,20,4,1,2,20,9,6,62,62
2022-08-10,20,4,1,2,20,9,6,20,4,1,2,20,9,6,62,62
2022-08-11,20,4,1,2,20,9,6,20,4,1,2,20,9,6,62,62
2022-08-12,20,4,1,2,20,9,6,20,4,1,2,20,9,6,62,62
2022-08-13,20,4,1,2,20,9,6,20,4,1,2,20,9,6,62,62
2022-08-14,20,4,1,2,20,9,6,20,4,1,2,20,9,6,62,62
2022-08-15,20,4,1,2,20,9,6,20,4,1,2,20,9,6,62,62
2022-08-16,20,4,1,2,20,9,6,20,4,1,2,20,9,6,62,62
2022-08-17,20,4,1,2,20,9,6,20,4,1,2,20,9,6,62,62
2022-08-18,20,4,1,2,20,9,6,20,4,1,2,20,9,6,62,62
2022-08-19,20,4,1,2,20,9,6,20,4,1,2,20,9,6,62,62
2022-08-20,20,4,1,2,20,9,6,20,4,1,2,20,9,6,62,62
2022-08-21,20,4,1,2,20,9,6,20,4,1,2,20,9,6,62,62
2022-08-22,20,4,1,2,20,9,6,20,4,1,2,20,9,6,62,62
2022-08-23,21,4,1,2,20,9,6,21,4,1,2,20,9,6,63,63
2022-08-24,21,4,1,2,20,9,6,21,4,1,2,20,9,6,63,63
2022-08-25,21,4,1,2,20,9,6,21,4,1,2,20,9,6,63,63
2022-08-26,21,4,1,2,20,9,6,21,4,1,2,20,9,6,63,63
2022-08-27,21,4,1,2,20,9,6,21,4,1,2,20,9,6,63,63
2022-08-28,21,4,1,2,20,9,6,21,4,1,2,20,9,6,63,63
2022-08-29,21,4,1,2,20,9,6,21,4,1,2,20,9,6,63,63
2022-08-30,21,4,1,2,20,9,6,21,4,1,2,20,9,6,63,63
2022-08-31,22,4,1,2,20,9,6,22,4,1,2,20,9,6,64,64
2022-09-01,22,4,1,2,20,9,6,22,4,1,2,20,9,6,64,64
2022-09-02,22,4,1,2,20,9,6,22,4,1,2,20,9,6,64,64
2022-09-03,22,4,1,2,20,9,6,22,4,1,2,20,9,6,64,64
2022-09-04,23,4,1,2,20,9,6,23,4,1,2,20,9,6,65,65
2022-09-05,23,4,1,2,20,9,6,23,4,1,2,20,9,6,65,65
2022-09-06,23,4,1,2,20,9,6,23,4,1,2,20,9,6,65,65
2022-09-07,23,4,1,2,20,9,6,23,4,1,2,20,9,6,65,65
2022-09-08,23,4,1,2,20,9,6,23,4,1,2,20,9,6,65,65
2022-09-09,23,4,1,2,20,9,7,23,4,1,2,20,9,7,66,66
2022-09-10,23,4,1,2,20,9,7,23,4,1,2,20,9,7,66,66
2022-09-11,23,4,1,2,20,9,7,23,4,1,2,20,9,7,66,66
2022-09-12,25,5,1,2,20,9,8,25,5,1,2,20,9,8,70,70
2022-09-13,25,5,1,2,20,9,8,25,5,1,2,20,9,8,70,70
2022-09-14,25,5,2,2,20,9,8,25,5,2,2,20,9,8,71,71
2022-09-15,26,5,2,2,20,9,8,26,5,2,2,20,9,8,72,72
2022-09-16,27,5,3,2,20,9,8,27,5,3,2,20,9,8,74,74
2022-09-17,28,5,3,2,21,9,8,28,5,3,2,21,9,8,76,76
2022-09-18,29,5,3,2,21,9,8,29,5,3,2,21,9,8,77,77
2022-09-19,29,5,4,2,21,9,9,29,5,4,2,21,9,9,79,79
2022-09-20,31,5,4,2,21,9,9,31,5,4,2,21,9,9,81,81
2022-09-21,32,5,4,2,21,9,9,32,5,4,2,21,9,9,82,82
2022-09-22,32,5,5,2,21,9,9,32,5,5,2,21,9,9,83,83
2022-09-23,33,5,5,2,21,9,9,33,5,5,2,21,9,9,84,84
2022-09-24,33,5,5,2,21,9,10,33,5,5,2,21,9,10,85,85
2022-09-25,33,5,6,2,21,9,10,33,5,6,2,21,9,10,86,86
2022-09-26,33,5,6,2,21,9,10,33,5,6,2,21,9,10,86,86
2022-09-27,34,5,7,2,21,9,10,34,5,7,2,21,9,10,88,88
2022-09-28,35,5,7,2,21,9,10,35,5,7,2,21,9,10,89,89
2022-09-29,35,5,7,2,22,9,10,35,5,7,2,22,9,10,90,90
2022-09-30,35,5,9,2,22,9,11,35,5,9,2,22,9,11,93,93
2022-10-01,35,5,10,2,22,9,11,35,5,10,2,22,9,11,94,94
2022-10-02,35,5,10,2,22,9,11,35,5,10,2,22,9,11,94,94
2022-10-03,35,5,10,2,22,9,11,35,5,10,2,22,9,11,94,94
2022-10-04,35,5,10,2,22,9,11,35,5,10,2,22,9,11,94,94
2022-10-05,35,5,11,2,22,9,12,35,5,11,2,22,9,12,96,96
2022-10-06,35,5,14,2,22,9,12,35,5,14,2,22,9,12,99,99
2022-10-07,35,5,15,2,22,10,13,35,5,15,2,22,10,13,102,102
2022-10-08,35,5,15,2,22,10,13,35,5,15,2,22,10,13,102,102
2022-10-09,35,5,15,2,22,10,13,35,5,15,2,22,10,13,102,102
2022-10-10,35,5,15,2,22,10,13,35,5,15,2,22,10,13,102,102
2022-10-11,35,5,15,2,22,10,13,35,5,15,2,22,10,13,102,102
2022-10-12,35,5,15,2,22,10,13,35,5,15,2,22,10,13,102,102
2022-10-13,35,5,15,2,22,10,13,35,5,15,2,22,10,13,102,102
2022-10-14,35,5,15,2,22,10,13,35,5,15,2,22,10,13,102,102
2022-10-15,35,6,15,2,22,10,13,35,6,15,2,22,10,13,103,103
2022-10-16,35,6,15,2,22,10,13,35,6,15,2,22,10,13,103,103
2022-10-17,35,6,15,2,22,10,13,35,6,15,2,22,10,13,103,103
2022-10-18,35,6,15,2,23,12,13,35,6,15,2,23,12,13,106,106
2022-10-19,35,6,15,2,23,12,14,35,6,15,2,23,12,14,107,107
2022-10-20,35,7,15,2,23,12,14,35,7,15,2,23,12,14,108,108
2022-10-21,35,7,15,2,23,12,14,35,7,15,2,23,12,14,108,108
2022-10-22,35,7,15,2,23,13,14,35,7,15,2,23,13,14,109,109
2022-10-23,35,7,15,2,23,13,14,35,7,15,2,23,13,14,109,109
2022-10-24,35,7,16,2,23,13,14,35,7,16,2,23,13,14,110,110
2022-10-25,35,7,16,2,23,13,14,35,7,16,2,23,13,14,110,110
2022-10-26,35,7,17,2,23,13,14,35,7,17,2,23,13,14,111,111
2022-10-27,36,7,17,2,23,14,15,36,7,17,2,23,14,15,114,114
2022-10-28,36,7,17,2,23,14,15,36,7,17,2,23,14,15,114,114
2022-10-29,36,7,17,2,23,14,15,36,7,17,2,23,14,15,114,114
2022-10-30,36,7,17,2,23,14,15,36,7,17,2,23,14,15,114,114
2022-10-31,36,7,17,2,23,15,15,36,7,17,2,23,15,15,115,115
2022-11-01,36,7,17,2,23,15,15,36,7,17,2,23,15,15,115,115
2022-11-02,36,7,17,2,23,15,15,36,7,17,2,23,15,15,115,115
2022-11-03,37,7,17,2,23,15,15,37,7,17,2,23,15,15,116,116
2022-11-04,37,7,17,2,23,15,15,37,7,17,2,23,15,15,116,116
2022-11-05,37,7,17,2,23,16,15,37,7,17,2,23,16,15,117,117
2022-11-06,37,7,17,2,23,16,15,37,7,17,2,23,16,15,117,117
2022-11-07,37,7,17,2,23,16,15,37,7,17,2,23,16,15,117,117
2022-11-08,37,7,17,2,23,16,15,37,7,17,2,23,16,15,117,117
2022-11-09,37,7,17,2,23,16,15,37,7,17,2,23,16,15,117,117
2022-11-10,37,7,17,2,23,16,15,37,7,17,2,23,16,15,117,117
2022-11-11,37,7,17,2,23,16,15,37,7,17,2,23,16,15,117,117
2022-11-12,37,7,17,2,23,16,15,37,7,17,2,23,16,15,117,117
2022-11-13,37,7,17,2,23,16,15,37,7,17,2,23,16,15,117,117
2022-11-14,37,7,17,2,23,16,16,37,7,17,2,23,16,16,118,118
2022-11-15,37,7,17,2,23,16,16,37,7,17,2,23,16,16,118,118
2022-11-16,38,9,17,2,23,16,16,38,9,17,2,23,16,16,121,121
2022-11-17,38,9,17,2,23,16,16,38,9,17,2,23,16,16,121,121
2022-11-18,38,10,17,2,24,16,16,38,10,17,2,24,16,16,123,123
2022-11-19,38,14,17,2,24,16,16,38,14,17,2,24,16,16,127,127
2022-11-20,38,14,17,2,24,16,16,38,14,17,2,24,16,16,127,127
2022-11-21,38,15,17,2,25,16,16,38,15,17,2,25,16,16,129,129
2022-11-22,38,20,17,2,25,16,16,38,20,17,2,25,16,16,134,134
2022-11-23,38,21,17,2,25,16,16,38,21,17,2,25,16,16,135,135
2022-11-24,38,23,17,2,25,16,16,38,23,17,2,25,16,16,137,137
2022-11-25,38,25,17,2,25,16,16,38,25,17,2,25,16,16,139,139
2022-11-26,38,31,17,2,25,16,16,38,31,17,2,25,16,16,145,145
2022-11-27,38,36,17,2,26,16,16,38,36,17,2,26,16,16,151,151
2022-11-28,38,36,17,2,26,16,16,38,36,17,2,26,16,16,151,151
2022-11-29,38,37,17,2,26,16,16,38,37,17,2,26,16,16,152,152
2022-11-30,38,38,17,2,26,16,16,38,38,17,2,26,16,16,153,153
2022-12-01,38,39,17,2,26,16,16,38,39,17,2,26,16,16,154,154
2022-12-02,38,41,17,2,26,16,16,38,41,17,2,26,16,16,156,156
2022-12-03,38,43,17,2,26,16,16,38,43,17,2,26,16,16,158,158
2022-12-04,38,45,17,2,26,16,16,38,45,17,2,26,16,16,160,160
2022-12-05,38,46,17,2,26,16,16,38,46,17,2,26,16,16,161,161
2022-12-06,38,49,17,2,26,16,16,38,49,17,2,26,16,16,164,164
2022-12-07,38,53,17,2,26,16,16,38,53,17,2,26,16,16,168,168
2022-12-08,38,53,17,2,26,16,16,38,53,17,2,26,16,16,168,168
2022-12-09,38,56,17,2,26,16,16,38,56,17,2,26,16,16,171,171
2022-12-10,38,59,17,2,26,16,16,38,59,17,2,26,16,16,174,174
2022-12-11,38,60,17,2,26,16,16,38,60,17,2,26,16,16,175,175
2022-12-12,38,61,17,2,26,16,16,38,61,17,2,26,16,16,176,176
2022-12-13,38,63,17,2,27,16,16,38,63,17,2,27,16,16,179,179
2022-12-14,38,63,17,2,27,16,16,38,63,17,2,27,16,16,179,179
2022-12-15,38,64,17,2,27,16,16,38,64,17,2,27,16,16,180,180
2022-12-16,38,64,17,2,27,16,16,38,64,17,2,27,16,16,180,180
2022-12-17,38,64,17,2,28,16,16,38,64,17,2,28,16,16,181,181
2022-12-18,38,65,17,2,28,16,16,38,65,17,2,28,16,16,182,182
2022-12-19,38,65,17,2,28,16,16,38,65,17,2,28,16,16,182,182
2022-12-20,38,67,17,2,28,16,16,38,67,17,2,28,16,16,184,184
2022-12-21,38,67,17,2,29,16,16,38,67,17,2,29,16,16,185,185
2022-12-22,38,68,17,2,29,16,16,38,68,17,2,29,16,16,186,186
2022-12-23,38,69,17,2,29,16,16,38,69,17,2,29,16,16,187,187
2022-12-24,38,69,17,2,29,16,16,38,69,17,2,29,16,16,187,187
2022-12-25,38,69,17,2,29,16,16,38,69,17,2,29,16,16,187,187
2022-12-26,38,69,17,2,29,16,16,38,69,17,2,29,16,16,187,187
2022-12-27,38,70,17,2,29,16,16,38,70,17,2,29,16,16,188,188
2022-12-28,38,71,17,2,29,16,16,38,71,17,2,29,16,16,189,189
2022-12-29,38,71,17,2,29,16,16,38,71,17,2,29,16,16,189,189
2022-12-30,38,71,17,2,29,16,16,38,71,17,2,29,16,16,189,189
2022-12-31,38,71,17,2,29,16,16,38,71,17,2,29,16,16,189,189
2023-01-01,38,71,17,2,29,16,16,0,0,0,0,0,0,0,189,0
2023-01-02,38,71,17,2,29,16,16,0,0,0,0,0,0,0,189,0
2023-01-03,38,71,17,2,29,16,16,0,0,0,0,0,0,0,189,0
2023-01-04,38,71,17,2,29,16,16,0,0,0,0,0,0,0,189,0
2023-01-05,38,71,17,2,29,16,16,0,0,0,0,0,0,0,189,0
2023-01-06,38,71,17,2,29,16,16,0,0,0,0,0,0,0,189,0
2023-01-07,38,72,17,2,29,16,16,0,1,0,0,0,0,0,190,1
2023-01-08,38,72,17,2,29,16,16,0,1,0,0,0,0,0,190,1
2023-01-09,38,72,17,2,29,16,16,0,1,0,0,0,0,0,190,1
2023-01-10,38,72,17,2,29,16,16,0,1,0,0,0,0,0,190,1
2023-01-11,38,73,17,2,29,16,16,0,2,0,0,0,0,0,191,2
2023-01-12,38,73,17,2,29,16,16,0,2,0,0,0,0,0,191,2
2023-01-13,38,74,17,2,29,16,16,0,3,0,0,0,0,0,192,3
2023-01-14,38,75,17,2,29,16,16,0,4,0,0,0,0,0,193,4
2023-01-15,38,75,17,2,29,16,16,0,4,0,0,0,0,0,193,4
2023-01-16,38,75,17,2,29,16,16,0,4,0,0,0,0,0,193,4
2023-01-17,38,75,17,2,29,16,16,0,4,0,0,0,0,0,193,4
2023-01-18,38,76,17,2,29,16,16,0,5,0,0,0,0,0,194,5
2023-01-19,38,76,17,2,29,16,16,0,5,0,0,0,0,0,194,5
2023-01-20,38,76,17,2,29,16,16,0,5,0,0,0,0,0,194,5
2023-01-21,38,76,17,2,29,16,16,0,5,0,0,0,0,0,194,5
2023-01-22,38,77,17,2,29,16,16,0,6,0,0,0,0,0,195,6
2023-01-23,38,77,17,2,29,16,16,0,6,0,0,0,0,0,195,6
2023-01-24,38,77,17,2,29,16,16,0,6,0,0,0,0,0,195,6
2023-01-25,38,77,17,2,29,16,16,0,6,0,0,0,0,0,195,6
2023-01-26,38,77,17,2,29,16,16,0,6,0,0,0,0,0,195,6
2023-01-27,38,77,17,2,29,16,16,0,6,0,0,0,0,0,195,6
2023-01-28,38,77,17,2,29,16,16,0,6,0,0,0,0,0,195,6
2023-01-29,38,77,17,2,29,16,16,0,6,0,0,0,0,0,195,6
2023-01-30,38,77,17,2,29,16,16,0,6,0,0,0,0,0,195,6
2023-01-31,38,77,17,2,29,18,16,0,6,0,0,0,2,0,197,8
2023-02-01,38,77,17,2,29,18,16,0,6,0,0,0,2,0,197,8
2023-02-02,38,77,17,2,29,21,16,0,6,0,0,0,5,0,200,11
2023-02-03,38,77,17,2,29,21,16,0,6,0,0,0,5,0,200,11
2023-02-04,38,77,17,2,29,21,16,0,6,0,0,0,5,0,200,11
2023-02-05,38,77,17,2,29,21,16,0,6,0,0,0,5,0,200,11
2023-02-06,38,77,17,2,29,21,16,0,6,0,0,0,5,0,200,11
2023-02-07,38,77,17,2,29,21,16,0,6,0,0,0,5,0,200,11
2023-02-08,38,77,17,2,29,24,16,0,6,0,0,0,8,0,203,14
2023-02-09,38,77,17,2,29,24,16,0,6,0,0,0,8,0,203,14
2023-02-10,38,77,17,2,29,24,16,0,6,0,0,0,8,0,203,14
2023-02-11,38,77,17,2,29,24,16,0,6,0,0,0,8,0,203,14
2023-02-12,38,77,17,2,29,24,16,0,6,0,0,0,8,0,203,14
2023-02-13,38,77,17,2,29,24,16,0,6,0,0,0,8,0,203,14
2023-02-14,38,77,17,2,29,24,16,0,6,0,0,0,8,0,203,14
2023-02-15,38,77,17,2,29,24,16,0,6,0,0,0,8,0,203,14
2023-02-16,38,77,17,2,29,24,16,0,6,0,0,0,8,0,203,14
2023-02-17,38,77,17,2,29,24,16,0,6,0,0,0,8,0,203,14
2023-02-18,38,77,17,2,29,24,16,0,6,0,0,0,8,0,203,14
2023-02-19,38,77,17,2,29,24,16,0,6,0,0,0,8,0,203,14
2023-02-20,38,77,17,2,29,24,16,0,6,0,0,0,8,0,203,14
2023-02-21,38,77,17,2,29,24,16,0,6,0,0,0,8,0,203,14
2023-02-22,38,77,17,2,29,24,16,0,6,0,0,0,8,0,203,14
2023-02-23,38,77,17,2,29,24,16,0,6,0,0,0,8,0,203,14
2023-02-24,38,77,17,2,29,24,16,0,6,0,0,0,8,0,203,14
2023-02-25,38,77,17,2,29,24,16,0,6,0,0,0,8,0,203,14
2023-02-26,38,77,17,2,29,24,16,0,6,0,0,0,8,0,203,14
2023-02-27,38,77,17,2,29,24,16,0,6,0,0,0,8,0,203,14
2023-02-28,38,77,17,2,29,24,16,0,6,0,0,0,8,0,203,14
2023-03-01,38,77,17,2,29,24,16,0,6,0,0,0,8,0,203,14
2023-03-02,38,77,17,2,29,24,16,0,6,0,0,0,8,0,203,14
2023-03-03,38,77,17,2,29,24,16,0,6,0,0,0,8,0,203,14
2023-03-04,38,77,17,2,29,24,16,0,6,0,0,0,8,0,203,14
2023-03-05,38,77,17,2,29,24,16,0,6,0,0,0,8,0,203,14
2023-03-06,38,77,17,2,29,24,16,0,6,0,0,0,8,0,203,14
2023-03-07,38,77,17,2,29,24,16,0,6,0,0,0,8,0,203,14
2023-03-08,38,77,17,2,29,24,16,0,6,0,0,0,8,0,203,14
2023-03-09,38,77,17,2,29,24,16,0,6,0,0,0,8,0,203,14
2023-03-10,38,77,17,2,29,24,16,0,6,0,0,0,8,0,203,14
2023-03-11,38,77,17,2,29,24,16,0,6,0,0,0,8,0,203,14
2023-03-12,38,77,17,2,29,24,16,0,6,0,0,0,8,0,203,14
2023-03-13,38,77,17,2,29,24,16,0,6,0,0,0,8,0,203,14
2023-03-14,38,77,17,2,30,24,16,0,6,0,0,1,8,0,204,15
2023-03-15,38,77,17,2,30,24,16,0,6,0,0,1,8,0,204,15
2023-03-16,38,77,17,2,30,24,16,0,6,0,0,1,8,0,204,15
2023-03-17,38,77,17,2,30,24,16,0,6,0,0,1,8,0,204,15
2023-03-18,38,77,17,2,30,24,16,0,6,0,0,1,8,0,204,15
2023-03-19,38,77,17,2,30,24,16,0,6,0,0,1,8,0,204,15
2023-03-20,38,77,17,2,30,24,16,0,6,0,0,1,8,0,204,15
2023-03-21,38,77,17,2,30,24,16,0,6,0,0,1,8,0,204,15
2023-03-22,38,77,17,2,30,24,16,0,6,0,0,1,8,0,204,15
2023-03-23,38,77,17,2,30,24,16,0,6,0,0,1,8,0,204,15
2023-03-24,38,77,17,2,30,24,16,0,6,0,0,1,8,0,204,15
2023-03-25,38,77,17,2,30,24,16,0,6,0,0,1,8,0,204,15
2023-03-26,38,77,17,2,30,24,16,0,6,0,0,1,8,0,204,15
2023-03-27,38,77,17,2,30,25,16,0,6,0,0,1,9,0,205,16
2023-03-28,38,77,17,2,30,25,16,0,6,0,0,1,9,0,205,16
2023-03-29,38,77,17,2,30,25,16,0,6,0,0,1,9,0,205,16
2023-03-30,38,77,17,2,30,25,16,0,6,0,0,1,9,0,205,16
2023-03-31,38,77,17,2,30,25,16,0,6,0,0,1,9,0,205,16
2023-04-01,38,77,17,2,30,25,16,0,6,0,0,1,9,0,205,16
2023-04-02,38,77,17,2,30,25,16,0,6,0,0,1,9,0,205,16
2023-04-03,38,77,17,2,30,27,16,0,6,0,0,1,11,0,207,18
2023-04-04,38,77,17,2,30,28,16,0,6,0,0,1,12,0,208,19
2023-04-05,38,77,17,2,31,28,16,0,6,0,0,2,12,0,209,20
2023-04-06,38,77,17,2,31,28,16,0,6,0,0,2,12,0,209,20
2023-04-07,38,77,17,2,31,28,16,0,6,0,0,2,12,0,209,20
2023-04-08,38,77,17,2,31,28,16,0,6,0,0,2,12,0,209,20
2023-04-09,38,77,17,2,31,28,16,0,6,0,0,2,12,0,209,20
2023-04-10,38,77,17,2,31,28,16,0,6,0,0,2,12,0,209,20
2023-04-11,38,77,17,2,31,28,16,0,6,0,0,2,12,0,209,20
2023-04-12,38,77,17,2,31,28,16,0,6,0,0,2,12,0,209,20
2023-04-13,38,77,17,2,31,29,16,0,6,0,0,2,13,0,210,21
2023-04-14,38,77,17,2,31,29,16,0,6,0,0,2,13,0,210,21
2023-04-15,38,77,17,2,31,29,16,0,6,0,0,2,13,0,210,21
2023-04-16,38,77,17,2,31,29,16,0,6,0,0,2,13,0,210,21
2023-04-17,38,77,17,2,31,30,16,0,6,0,0,2,14,0,211,22
2023-04-18,38,77,17,2,31,32,16,0,6,0,0,2,16,0,213,24
2023-04-19,38,77,17,2,32,34,16,0,6,0,0,3,18,0,216,27
2023-04-20,38,77,17,2,32,34,16,0,6,0,0,3,18,0,216,27
2023-04-21,38,77,17,2,32,35,16,0,6,0,0,3,19,0,217,28
2023-04-22,38,77,17,2,32,37,16,0,6,0,0,3,21,0,219,30
2023-04-23,38,77,17,2,32,37,16,0,6,0,0,3,21,0,219,30
2023-04-24,38,77,17,2,32,37,16,0,6,0,0,3,21,0,219,30
2023-04-25,38,77,17,2,32,37,16,0,6,0,0,3,21,0,219,30
2023-04-26,38,77,17,2,32,37,16,0,6,0,0,3,21,0,219,30
2023-04-27,38,77,17,2,32,37,16,0,6,0,0,3,21,0,219,30
2023-04-28,38,77,17,2,32,38,16,0,6,0,0,3,22,0,220,31
2023-04-29,38,78,17,2,32,38,16,0,7,0,0,3,22,0,221,32
2023-04-30,38,78,17,2,32,38,16,0,7,0,0,3,22,0,221,32
2023-05-01,38,78,17,2,32,38,16,0,7,0,0,3,22,0,221,32
2023-05-02,38,78,17,2,32,38,16,0,7,0,0,3,22,0,221,32
2023-05-03,38,78,17,2,32,38,16,0,7,0,0,3,22,0,221,32
2023-05-04,38,78,17,2,32,38,16,0,7,0,0,3,22,0,221,32
2023-05-05,38,78,17,2,32,38,16,0,7,0,0,3,22,0,221,32
2023-05-06,38,78,17,2,32,39,16,0,7,0,0,3,23,0,222,33
2023-05-07,38,78,17,2,32,39,16,0,7,0,0,3,23,0,222,33
2023-05-08,38,78,17,2,32,39,16,0,7,0,0,3,23,0,222,33
2023-05-09,38,78,17,2,32,39,16,0,7,0,0,3,23,0,222,33
2023-05-10,38,78,17,2,32,39,16,0,7,0,0,3,23,0,222,33
2023-05-11,38,78,17,2,32,39,16,0,7,0,0,3,23,0,222,33
2023-05-12,38,78,17,2,32,39,16,0,7,0,0,3,23,0,222,33
2023-05-13,38,78,17,2,32,39,16,0,7,0,0,3,23,0,222,33
2023-05-14,38,78,17,2,32,39,16,0,7,0,0,3,23,0,222,33
2023-05-15,38,78,17,2,32,39,16,0,7,0,0,3,23,0,222,33
2023-05-16,38,78,17,2,32,39,16,0,7,0,0,3,23,0,222,33
2023-05-17,38,78,17,2,32,39,16,0,7,0,0,3,23,0,222,33
2023-05-18,38,78,17,2,32,39,16,0,7,0,0,3,23,0,222,33
2023-05-19,38,78,17,2,32,39,16,0,7,0,0,3,23,0,222,33
2023-05-20,38,78,17,2,32,39,16,0,7,0,0,3,23,0,222,33
2023-05-21,38,78,17,2,32,39,16,0,7,0,0,3,23,0,222,33
2023-05-22,38,78,17,2,32,39,16,0,7,0,0,3,23,0,222,33
2023-05-23,38,78,17,2,32,39,16,0,7,0,0,3,23,0,222,33
2023-05-24,38,78,17,2,32,39,16,0,7,0,0,3,23,0,222,33
2023-05-25,38,78,17,2,32,39,16,0,7,0,0,3,23,0,222,33
2023-05-26,38,78,17,2,32,39,16,0,7,0,0,3,23,0,222,33
2023-05-27,38,78,17,2,32,39,16,0,7,0,0,3,23,0,222,33
2023-05-28,38,78,17,2,32,39,16,0,7,0,0,3,23,0,222,33
2023-05-29,38,78,17,2,32,39,16,0,7,0,0,3,23,0,222,33
2023-05-30,38,78,17,2,32,39,16,0,7,0,0,3,23,0,222,33
2023-05-31,38,78,17,2,32,39,16,0,7,0,0,3,23,0,222,33
2023-06-01,38,78,17,2,32,39,16,0,7,0,0,3,23,0,222,33
2023-06-02,38,78,17,2,32,39,16,0,7,0,0,3,23,0,222,33
2023-06-03,38,78,17,2,32,39,16,0,7,0,0,3,23,0,222,33
2023-06-04,38,78,17,2,32,39,16,0,7,0,0,3,23,0,222,33
2023-06-05,38,78,17,2,32,39,16,0,7,0,0,3,23,0,222,33
2023-06-06,38,78,17,2,32,39,16,0,7,0,0,3,23,0,222,33
2023-06-07,38,78,17,2,32,39,16,0,7,0,0,3,23,0,222,33
2023-06-08,38,78,17,2,32,39,16,0,7,0,0,3,23,0,222,33
2023-06-09,38,78,17,2,32,39,16,0,7,0,0,3,23,0,222,33
2023-06-10,38,78,17,2,32,39,16,0,7,0,0,3,23,0,222,33
2023-06-11,38,78,17,2,32,39,16,0,7,0,0,3,23,0,222,33
2023-06-12,38,78,17,2,32,39,16,0,7,0,0,3,23,0,222,33
2023-06-13,38,78,17,2,32,39,16,0,7,0,0,3,23,0,222,33
2023-06-14,38,78,17,2,32,39,16,0,7,0,0,3,23,0,222,33
2023-06-15,38,78,17,2,32,39,16,0,7,0,0,3,23,0,222,33
2023-06-16,38,78,17,2,32,39,16,0,7,0,0,3,23,0,222,33
2023-06-17,38,78,17,2,32,39,16,0,7,0,0,3,23,0,222,33
2023-06-18,38,78,17,2,32,39,16,0,7,0,0,3,23,0,222,33
2023-06-19,38,78,17,2,32,39,16,0,7,0,0,3,23,0,222,33
2023-06-20,38,78,17,2,32,39,16,0,7,0,0,3,23,0,222,33
2023-06-21,38,78,17,2,32,39,16,0,7,0,0,3,23,0,222,33
2023-06-22,38,78,17,2,32,39,16,0,7,0,0,3,23,0,222,33
2023-06-23,38,78,17,2,32,39,16,0,7,0,0,3,23,0,222,33
2023-06-24,38,78,17,2,32,39,16,0,7,0,0,3,23,0,222,33
2023-06-25,38,78,17,2,32,39,16,0,7,0,0,3,23,0,222,33
2023-06-26,38,78,17,2,32,39,16,0,7,0,0,3,23,0,222,33
2023-06-27,38,78,17,2,32,39,16,0,7,0,0,3,23,0,222,33
2023-06-28,38,78,17,2,32,39,16,0,7,0,0,3,23,0,222,33
2023-06-29,38,78,17,2,32,39,16,0,7,0,0,3,23,0,222,33
2023-06-30,38,78,17,2,32,39,16,0,7,0,0,3,23,0,222,33
2023-07-01,38,78,17,2,32,39,16,0,7,0,0,3,23,0,222,33
2023-07-02,38,78,17,2,32,39,16,0,7,0,0,3,23,0,222,33
2023-07-03,38,78,17,2,32,39,16,0,7,0,0,3,23,0,222,33
2023-07-04,38,78,17,2,32,39,16,0,7,0,0,3,23,0,222,33
2023-07-05,38,78,17,2,32,39,16,0,7,0,0,3,23,0,222,33
2023-07-06,38,78,17,2,32,39,16,0,7,0,0,3,23,0,222,33
2023-07-07,38,78,17,2,32,39,16,0,7,0,0,3,23,0,222,33
2023-07-08,38,78,17,2,32,39,16,0,7,0,0,3,23,0,222,33
2023-07-09,38,78,17,2,32,39,16,0,7,0,0,3,23,0,222,33
2023-07-10,38,78,17,2,32,39,16,0,7,0,0,3,23,0,222,33
2023-07-11,38,78,17,2,32,39,16,0,7,0,0,3,23,0,222,33
2023-07-12,38,78,17,2,32,39,16,0,7,0,0,3,23,0,222,33
2023-07-13,38,78,17,2,32,39,16,0,7,0,0,3,23,0,222,33
2023-07-14,38,78,17,2,32,39,16,0,7,0,0,3,23,0,222,33
2023-07-15,38,78,17,2,32,39,16,0,7,0,0,3,23,0,222,33
2023-07-16,38,78,17,2,32,39,16,0,7,0,0,3,23,0,222,33
2023-07-17,38,78,17,2,32,39,16,0,7,0,0,3,23,0,222,33
2023-07-18,38,78,17,2,32,39,16,0,7,0,0,3,23,0,222,33
2023-07-19,38,78,17,2,32,39,16,0,7,0,0,3,23,0,222,33
2023-07-20,38,78,17,2,32,39,16,0,7,0,0,3,23,0,222,33
2023-07-21,38,78,17,2,32,39,16,0,7,0,0,3,23,0,222,33
2023-07-22,38,78,17,2,32,39,16,0,7,0,0,3,23,0,222,33
2023-07-23,38,78,17,2,32,39,16,0,7,0,0,3,23,0,222,33
2023-07-24,38,78,17,2,32,39,16,0,7,0,0,3,23,0,222,33
2023-07-25,38,78,17,2,32,39,16,0,7,0,0,3,23,0,222,33
2023-07-26,38,78,17,2,32,39,16,0,7,0,0,3,23,0,222,33
2023-07-27,38,78,17,2,32,39,16,0,7,0,0,3,23,0,222,33
2023-07-28,38,78,17,2,32,39,16,0,7,0,0,3,23,0,222,33
2023-07-29,38,78,17,2,32,39,16,0,7,0,0,3,23,0,222,33
2023-07-30,38,78,17,2,32,39,16,0,7,0,0,3,23,0,222,33
2023-07-31,38,78,17,2,32,39,16,0,7,0,0,3,23,0,222,33
2023-08-01,38,78,17,2,32,39,16,0,7,0,0,3,23,0,222,33
2023-08-02,38,78,17,2,32,39,16,0,7,0,0,3,23,0,222,33
2023-08-03,38,78,17,2,32,39,16,0,7,0,0,3,23,0,222,33
2023-08-04,38,78,17,2,32,39,16,0,7,0,0,3,23,0,222,33
2023-08-05,38,78,17,2,32,39,16,0,7,0,0,3,23,0,222,33
2023-08-06,38,78,17,2,32,39,16,0,7,0,0,3,23,0,222,33
2023-08-07,38,78,17,2,32,39,16,0,7,0,0,3,23,0,222,33
2023-08-08,38,78,17,2,32,39,16,0,7,0,0,3,23,0,222,33
2023-08-09,38,78,17,2,32,39,16,0,7,0,0,3,23,0,222,33
2023-08-10,38,78,17,2,32,39,16,0,7,0,0,3,23,0,222,33
2023-08-11,38,78,17,2,32,39,16,0,7,0,0,3,23,0,222,33
2023-08-12,38,78,17,2,32,39,16,0,7,0,0,3,23,0,222,33
2023-08-13,38,78,17,2,32,39,16,0,7,0,0,3,23,0,222,33
2023-08-14,38,78,17,2,32,39,16,0,7,0,0,3,23,0,222,33
2023-08-15,38,78,17,2,32,39,16,0,7,0,0,3,23,0,222,33
2023-08-16,38,78,17,2,32,39,16,0,7,0,0,3,23,0,222,33
2023-08-17,38,78,17,2,32,39,16,0,7,0,0,3,23,0,222,33
2023-08-18,38,78,17,2,32,39,16,0,7,0,0,3,23,0,222,33
2023-08-19,38,78,17,2,32,39,16,0,7,0,0,3,23,0,222,33
2023-08-20,38,78,17,2,32,39,16,0,7,0,0,3,23,0,222,33
2023-08-21,38,78,17,2,32,39,16,0,7,0,0,3,23,0,222,33
2023-08-22,38,78,17,2,32,39,16,0,7,0,0,3,23,0,222,33
2023-08-23,38,78,17,2,32,39,16,0,7,0,0,3,23,0,222,33
2023-08-24,38,78,17,2,32,39,16,0,7,0,0,3,23,0,222,33
2023-08-25,38,78,17,2,32,39,16,0,7,0,0,3,23,0,222,33
2023-08-26,38,78,17,2,32,39,16,0,7,0,0,3,23,0,222,33
2023-08-27,38,78,17,2,32,39,16,0,7,0,0,3,23,0,222,33
2023-08-28,38,78,17,2,32,39,16,0,7,0,0,3,23,0,222,33
2023-08-29,38,78,17,2,32,39,16,0,7,0,0,3,23,0,222,33
2023-08-30,38,78,17,2,32,39,16,0,7,0,0,3,23,0,222,33
2023-08-31,38,78,17,2,32,39,16,0,7,0,0,3,23,0,222,33
2023-09-01,38,78,17,2,32,39,16,0,7,0,0,3,23,0,222,33
2023-09-02,38,78,17,2,32,39,16,0,7,0,0,3,23,0,222,33
2023-09-03,38,78,17,2,32,39,16,0,7,0,0,3,23,0,222,33
2023-09-04,38,78,17,2,32,39,16,0,7,0,0,3,23,0,222,33
2023-09-05,38,78,17,2,32,39,16,0,7,0,0,3,23,0,222,33
2023-09-06,38,78,17,2,32,39,16,0,7,0,0,3,23,0,222,33
2023-09-07,38,78,17,2,32,39,16,0,7,0,0,3,23,0,222,33
2023-09-08,38,78,17,2,32,39,16,0,7,0,0,3,23,0,222,33
2023-09-09,38,78,17,2,32,39,16,0,7,0,0,3,23,0,222,33
2023-09-10,38,78,17,2,32,39,16,0,7,0,0,3,23,0,222,33
2023-09-11,39,78,17,2,32,39,16,1,7,0,0,3,23,0,223,34
2023-09-12,39,78,17,2,32,39,16,1,7,0,0,3,23,0,223,34
2023-09-13,39,78,17,2,32,39,16,1,7,0,0,3,23,0,223,34
2023-09-14,39,78,17,2,32,39,16,1,7,0,0,3,23,0,223,34
2023-09-15,39,78,17,2,32,39,16,1,7,0,0,3,23,0,223,34
2023-09-16,39,78,17,2,32,39,16,1,7,0,0,3,23,0,223,34
2023-09-17,39,78,17,2,32,39,16,1,7,0,0,3,23,0,223,34
2023-09-18,39,78,17,2,32,39,16,1,7,0,0,3,23,0,223,34
2023-09-19,39,78,17,2,32,39,16,1,7,0,0,3,23,0,223,34
2023-09-20,39,78,17,2,32,39,16,1,7,0,0,3,23,0,223,34
2023-09-21,39,78,17,2,32,39,17,1,7,0,0,3,23,1,224,35
2023-09-22,39,78,17,2,32,39,17,1,7,0,0,3,23,1,224,35
2023-09-23,39,78,17,2,32,39,17,1,7,0,0,3,23,1,224,35
2023-09-24,39,78,17,2,32,39,17,1,7,0,0,3,23,1,224,35
2023-09-25,39,78,17,2,32,39,17,1,7,0,0,3,23,1,224,35
2023-09-26,40,78,17,2,32,39,17,2,7,0,0,3,23,1,225,36
2023-09-27,40,78,17,2,32,39,17,2,7,0,0,3,23,1,225,36
2023-09-28,40,78,17,2,32,39,17,2,7,0,0,3,23,1,225,36
2023-09-29,40,78,17,2,32,39,17,2,7,0,0,3,23,1,225,36
2023-09-30,40,78,17,2,32,39,17,2,7,0,0,3,23,1,225,36
2023-10-01,40,78,17,2,32,39,17,2,7,0,0,3,23,1,225,36
2023-10-02,40,78,17,2,32,39,17,2,7,0,0,3,23,1,225,36
2023-10-03,41,78,17,2,32,39,17,3,7,0,0,3,23,1,226,37
2023-10-04,41,78,17,2,32,39,17,3,7,0,0,3,23,1,226,37
2023-10-05,41,78,17,2,32,39,17,3,7,0,0,3,23,1,226,37
2023-10-06,42,78,17,2,32,39,17,4,7,0,0,3,23,1,227,38
2023-10-07,42,78,17,2,32,39,17,4,7,0,0,3,23,1,227,38
2023-10-08,42,78,17,2,32,39,17,4,7,0,0,3,23,1,227,38
2023-10-09,42,78,17,2,32,39,17,4,7,0,0,3,23,1,227,38
2023-10-10,42,78,17,2,32,39,17,4,7,0,0,3,23,1,227,38
2023-10-11,42,78,17,2,32,39,17,4,7,0,0,3,23,1,227,38
2023-10-12,42,78,17,2,32,39,17,4,7,0,0,3,23,1,227,38
2023-10-13,42,78,17,2,32,39,17,4,7,0,0,3,23,1,227,38
2023-10-14,42,78,17,2,32,39,17,4,7,0,0,3,23,1,227,38
2023-10-15,42,78,17,2,32,39,17,4,7,0,0,3,23,1,227,38
2023-10-16,42,78,17,2,32,39,17,4,7,0,0,3,23,1,227,38
2023-10-17,42,78,17,2,32,39,17,4,7,0,0,3,23,1,227,38
2023-10-18,42,78,17,2,32,39,17,4,7,0,0,3,23,1,227,38
2023-10-19,42,78,17,2,32,39,17,4,7,0,0,3,23,1,227,38
2023-10-20,42,79,17,2,32,39,17,4,8,0,0,3,23,1,228,39
2023-10-21,42,79,17,2,32,39,17,4,8,0,0,3,23,1,228,39
2023-10-22,42,79,17,2,32,39,17,4,8,0,0,3,23,1,228,39
2023-10-23,43,79,17,2,32,39,17,5,8,0,0,3,23,1,229,40
2023-10-24,43,80,17,2,32,39,17,5,9,0,0,3,23,1,230,41
2023-10-25,43,81,17,2,32,40,17,5,10,0,0,3,24,1,232,43
2023-10-26,43,82,17,2,32,40,17,5,11,0,0,3,24,1,233,44
2023-10-27,43,82,17,2,32,40,17,5,11,0,0,3,24,1,233,44
2023-10-28,43,82,17,2,32,40,17,5,11,0,0,3,24,1,233,44
2023-10-29,43,82,17,2,32,40,17,5,11,0,0,3,24,1,233,44
2023-10-30,43,82,17,2,32,40,17,5,11,0,0,3,24,1,233,44
2023-10-31,43,82,17,2,32,40,19,5,11,0,0,3,24,3,235,46
2023-11-01,43,82,17,2,32,40,21,5,11,0,0,3,24,5,237,48
2023-11-02,43,83,17,2,32,40,21,5,12,0,0,3,24,5,238,49
2023-11-03,43,83,17,2,32,40,21,5,12,0,0,3,24,5,238,49
2023-11-04,43,85,17,2,32,40,22,5,14,0,0,3,24,6,241,52
2023-11-05,43,85,17,2,32,40,22,5,14,0,0,3,24,6,241,52
2023-11-06,44,85,17,2,32,40,22,6,14,0,0,3,24,6,242,53
2023-11-07,44,92,17,2,32,40,22,6,21,0,0,3,24,6,249,60
2023-11-08,44,97,18,2,32,40,22,6,26,1,0,3,24,6,255,66
2023-11-09,44,97,18,2,32,40,22,6,26,1,0,3,24,6,255,66
2023-11-10,44,101,18,2,32,40,22,6,30,1,0,3,24,6,259,70
2023-11-11,44,101,18,2,32,40,22,6,30,1,0,3,24,6,259,70
2023-11-12,44,103,18,2,32,40,22,6,32,1,0,3,24,6,261,72
2023-11-13,44,105,18,2,32,40,22,6,34,1,0,3,24,6,263,74
2023-11-14,44,106,18,2,32,40,22,6,35,1,0,3,24,6,264,75
2023-11-15,44,107,18,2,32,41,22,6,36,1,0,3,25,6,266,77
2023-11-16,44,107,18,2,32,41,22,6,36,1,0,3,25,6,266,77
2023-11-17,44,111,18,2,32,41,22,6,40,1,0,3,25,6,270,81
2023-11-18,44,112,18,2,32,41,22,6,41,1,0,3,25,6,271,82
2023-11-19,44,113,18,2,32,41,22,6,42,1,0,3,25,6,272,83
2023-11-20,44,114,18,2,32,42,22,6,43,1,0,3,26,6,274,85
2023-11-21,44,114,18,2,32,42,22,6,43,1,0,3,26,6,274,85
2023-11-22,44,117,18,2,32,42,22,6,46,1,0,3,26,6,277,88
2023-11-23,44,119,18,2,32,42,22,6,48,1,0,3,26,6,279,90
2023-11-24,44,121,18,2,32,42,22,6,50,1,0,3,26,6,281,92
2023-11-25,44,123,18,2,32,42,22,6,52,1,0,3,26,6,283,94
2023-11-26,45,123,18,2,32,42,22,7,52,1,0,3,26,6,284,95
2023-11-27,46,123,18,2,32,42,22,8,52,1,0,3,26,6,285,96
2023-11-28,46,123,18,2,32,42,22,8,52,1,0,3,26,6,285,96
2023-11-29,46,123,18,2,32,42,22,8,52,1,0,3,26,6,285,96
2023-11-30,46,123,18,2,32,42,22,8,52,1,0,3,26,6,285,96
2023-12-01,46,124,18,2,32,42,22,8,53,1,0,3,26,6,286,97
2023-12-02,46,124,18,2,32,42,22,8,53,1,0,3,26,6,286,97
2023-12-03,46,125,18,2,32,42,22,8,54,1,0,3,26,6,287,98
2023-12-04,46,125,18,2,32,43,22,8,54,1,0,3,27,6,288,99
2023-12-05,47,125,18,2,32,43,22,9,54,1,0,3,27,6,289,100
2023-12-06,47,125,18,2,32,43,22,9,54,1,0,3,27,6,289,100
2023-12-07,47,125,18,2,32,43,22,9,54,1,0,3,27,6,289,100
2023-12-08,48,125,18,2,32,43,22,10,54,1,0,3,27,6,290,101
2023-12-09,48,126,18,2,32,43,22,10,55,1,0,3,27,6,291,102
2023-12-10,48,126,18,2,32,43,22,10,55,1,0,3,27,6,291,102
2023-12-11,48,126,18,2,32,43,22,10,55,1,0,3,27,6,291,102
2023-12-12,48,126,18,2,32,43,22,10,55,1,0,3,27,6,291,102
2023-12-13,48,126,18,2,32,43,22,10,55,1,0,3,27,6,291,102
2023-12-14,48,126,18,2,32,43,22,10,55,1,0,3,27,6,291,102
2023-12-15,48,126,18,2,32,43,22,10,55,1,0,3,27,6,291,102
2023-12-16,48,126,18,2,32,43,22,10,55,1,0,3,27,6,291,102
2023-12-17,48,126,18,2,32,43,22,10,55,1,0,3,27,6,291,102
2023-12-18,48,126,18,2,32,43,22,10,55,1,0,3,27,6,291,102
2023-12-19,48,126,18,2,32,43,22,10,55,1,0,3,27,6,291,102
2023-12-20,48,126,18,2,32,43,22,10,55,1,0,3,27,6,291,102
2023-12-21,48,126,18,2,32,43,22,10,55,1,0,3,27,6,291,102
2023-12-22,48,126,18,2,32,43,22,10,55,1,0,3,27,6,291,102
2023-12-23,48,126,18,2,32,43,22,10,55,1,0,3,27,6,291,102
2023-12-24,48,126,18,2,32,43,22,10,55,1,0,3,27,6,291,102
2023-12-25,48,127,18,2,32,43,22,10,56,1,0,3,27,6,292,103
2023-12-26,48,127,18,2,32,43,22,10,56,1,0,3,27,6,292,103
2023-12-27,48,127,18,2,32,43,22,10,56,1,0,3,27,6,292,103
2023-12-28,48,127,18,2,32,43,22,10,56,1,0,3,27,6,292,103
2023-12-29,48,127,18,2,32,43,22,10,56,1,0,3,27,6,292,103
2023-12-30,48,127,18,2,32,43,22,10,56,1,0,3,27,6,292,103
2023-12-31,48,127,18,2,32,43,22,10,56,1,0,3,27,6,292,103
2024-01-01,48,127,18,2,32,43,22,0,0,0,0,0,0,0,292,0
2024-01-02,48,127,18,2,32,43,22,0,0,0,0,0,0,0,292,0
2024-01-03,48,127,18,2,32,44,22,0,0,0,0,0,1,0,293,1
2024-01-04,48,127,18,2,32,44,22,0,0,0,0,0,1,0,293,1
2024-01-05,48,127,18,2,32,44,22,0,0,0,0,0,1,0,293,1
2024-01-06,48,127,18,2,32,44,22,0,0,0,0,0,1,0,293,1
2024-01-07,48,127,18,2,32,44,22,0,0,0,0,0,1,0,293,1
2024-01-08,48,127,18,2,32,44,22,0,0,0,0,0,1,0,293,1
2024-01-09,48,127,18,2,32,44,22,0,0,0,0,0,1,0,293,1
2024-01-10,48,127,18,2,32,44,22,0,0,0,0,0,1,0,293,1
2024-01-11,48,127,18,2,32,44,22,0,0,0,0,0,1,0,293,1
2024-01-12,48,127,18,2,32,44,22,0,0,0,0,0,1,0,293,1
2024-01-13,48,127,18,2,32,44,22,0,0,0,0,0,1,0,293,1
2024-01-14,48,127,18,2,32,44,22,0,0,0,0,0,1,0,293,1
2024-01-15,48,127,18,2,32,44,22,0,0,0,0,0,1,0,293,1
2024-01-16,48,127,18,2,32,44,22,0,0,0,0,0,1,0,293,1
2024-01-17,48,127,18,2,32,44,22,0,0,0,0,0,1,0,293,1
2024-01-18,48,127,18,2,32,44,22,0,0,0,0,0,1,0,293,1
2024-01-19,48,127,18,2,32,44,22,0,0,0,0,0,1,0,293,1
2024-01-20,48,127,18,2,32,44,22,0,0,0,0,0,1,0,293,1
2024-01-21,48,127,18,2,32,44,22,0,0,0,0,0,1,0,293,1
2024-01-22,48,127,18,2,32,44,22,0,0,0,0,0,1,0,293,1
2024-01-23,48,127,18,2,32,44,22,0,0,0,0,0,1,0,293,1
2024-01-24,48,127,18,2,32,44,22,0,0,0,0,0,1,0,293,1
2024-01-25,48,127,18,2,32,44,22,0,0,0,0,0,1,0,293,1
2024-01-26,48,127,18,2,32,44,22,0,0,0,0,0,1,0,293,1
2024-01-27,48,127,18,2,32,44,22,0,0,0,0,0,1,0,293,1
2024-01-28,48,127,18,2,32,44,22,0,0,0,0,0,1,0,293,1
2024-01-29,48,127,18,2,32,44,22,0,0,0,0,0,1,0,293,1
2024-01-30,48,127,18,2,33,44,22,0,0,0,0,1,1,0,294,2
2024-01-31,48,127,18,2,33,44,22,0,0,0,0,1,1,0,294,2
2024-02-01,48,127,18,2,33,44,22,0,0,0,0,1,1,0,294,2
2024-02-02,48,127,18,2,33,44,22,0,0,0,0,1,1,0,294,2
2024-02-03,48,127,18,2,33,44,22,0,0,0,0,1,1,0,294,2
2024-02-04,48,127,18,2,33,44,22,0,0,0,0,1,1,0,294,2
2024-02-05,48,127,18,2,33,44,22,0,0,0,0,1,1,0,294,2
2024-02-06,48,127,18,2,33,44,22,0,0,0,0,1,1,0,294,2
2024-02-07,48,127,18,2,33,44,22,0,0,0,0,1,1,0,294,2
2024-02-08,48,127,18,2,33,44,22,0,0,0,0,1,1,0,294,2
2024-02-09,48,127,18,2,33,45,22,0,0,0,0,1,2,0,295,3
2024-02-10,48,127,18,2,33,45,22,0,0,0,0,1,2,0,295,3
2024-02-11,48,127,18,2,33,45,22,0,0,0,0,1,2,0,295,3
2024-02-12,48,127,18,2,33,45,22,0,0,0,0,1,2,0,295,3
2024-02-13,48,127,18,2,33,45,22,0,0,0,0,1,2,0,295,3
2024-02-14,48,127,18,2,33,45,22,0,0,0,0,1,2,0,295,3
2024-02-15,48,127,18,2,33,45,22,0,0,0,0,1,2,0,295,3
2024-02-16,48,127,18,2,33,45,22,0,0,0,0,1,2,0,295,3
2024-02-17,48,127,18,2,33,45,22,0,0,0,0,1,2,0,295,3
2024-02-18,48,127,18,2,33,45,22,0,0,0,0,1,2,0,295,3
2024-02-19,49,127,18,2,33,45,22,1,0,0,0,1,2,0,296,4
2024-02-20,49,127,18,2,33,45,22,1,0,0,0,1,2,0,296,4
2024-02-21,49,127,18,2,33,45,22,1,0,0,0,1,2,0,296,4
2024-02-22,49,127,18,2,33,45,22,1,0,0,0,1,2,0,296,4
2024-02-23,49,127,18,2,33,45,22,1,0,0,0,1,2,0,296,4
2024-02-24,49,127,18,2,33,45,22,1,0,0,0,1,2,0,296,4
2024-02-25,49,127,18,2,33,45,22,1,0,0,0,1,2,0,296,4
2024-02-26,49,127,18,2,33,45,22,1,0,0,0,1,2,0,296,4
2024-02-27,49,127,18,2,33,45,22,1,0,0,0,1,2,0,296,4
2024-02-28,49,127,18,2,33,45,22,1,0,0,0,1,2,0,296,4
2024-02-29,49,127,18,2,33,45,22,1,0,0,0,1,2,0,296,4
2024-03-01,49,127,18,2,33,45,22,1,0,0,0,1,2,0,296,4
2024-03-02,49,127,18,2,33,45,22,1,0,0,0,1,2,0,296,4
2024-03-03,49,127,18,2,33,45,22,1,0,0,0,1,2,0,296,4
2024-03-04,49,127,18,2,33,45,22,1,0,0,0,1,2,0,296,4
2024-03-05,49,127,18,2,33,45,22,1,0,0,0,1,2,0,296,4
2024-03-06,49,127,18,2,33,45,22,1,0,0,0,1,2,0,296,4
2024-03-07,49,127,18,2,33,45,22,1,0,0,0,1,2,0,296,4
2024-03-08,49,127,18,2,33,45,22,1,0,0,0,1,2,0,296,4
2024-03-09,49,127,18,2,33,45,22,1,0,0,0,1,2,0,296,4
2024-03-10,49,127,18,2,33,45,22,1,0,0,0,1,2,0,296,4
2024-03-11,49,127,18,2,33,45,22,1,0,0,0,1,2,0,296,4
2024-03-12,49,127,18,2,33,45,22,1,0,0,0,1,2,0,296,4
2024-03-13,49,127,18,2,33,45,22,1,0,0,0,1,2,0,296,4
2024-03-14,49,127,18,2,33,45,22,1,0,0,0,1,2,0,296,4
2024-03-15,49,127,18,2,33,45,22,1,0,0,0,1,2,0,296,4
2024-03-16,49,127,18,2,33,45,22,1,0,0,0,1,2,0,296,4
2024-03-17,49,127,18,2,33,45,22,1,0,0,0,1,2,0,296,4
2024-03-18,49,127,18,2,33,45,22,1,0,0,0,1,2,0,296,4
2024-03-19,49,127,18,2,33,45,22,1,0,0,0,1,2,0,296,4
2024-03-20,49,127,18,2,33,45,22,1,0,0,0,1,2,0,296,4
2024-03-21,49,127,18,2,33,45,22,1,0,0,0,1,2,0,296,4
2024-03-22,49,127,18,2,33,45,22,1,0,0,0,1,2,0,296,4
2024-03-23,49,127,18,2,33,45,22,1,0,0,0,1,2,0,296,4
2024-03-24,49,127,18,2,33,45,22,1,0,0,0,1,2,0,296,4
2024-03-25,49,127,18,2,33,45,22,1,0,0,0,1,2,0,296,4
2024-03-26,49,127,18,2,33,45,22,1,0,0,0,1,2,0,296,4
2024-03-27,49,127,18,2,33,45,22,1,0,0,0,1,2,0,296,4
2024-03-28,49,127,18,2,33,45,22,1,0,0,0,1,2,0,296,4
2024-03-29,49,127,18,2,33,45,22,1,0,0,0,1,2,0,296,4
2024-03-30,49,127,18,2,33,45,22,1,0,0,0,1,2,0,296,4
2024-03-31,49,127,18,2,33,45,22,1,0,0,0,1,2,0,296,4
2024-04-01,49,127,18,2,33,45,22,1,0,0,0,1,2,0,296,4
2024-04-02,49,127,18,2,33,45,22,1,0,0,0,1,2,0,296,4
2024-04-03,49,127,18,2,33,45,22,1,0,0,0,1,2,0,296,4
2024-04-04,49,127,18,2,33,45,22,1,0,0,0,1,2,0,296,4
2024-04-05,49,127,18,2,33,45,22,1,0,0,0,1,2,0,296,4
2024-04-06,49,127,18,2,33,45,22,1,0,0,0,1,2,0,296,4
2024-04-07,49,127,18,2,33,45,22,1,0,0,0,1,2,0,296,4
2024-04-08,49,127,18,2,33,45,22,1,0,0,0,1,2,0,296,4
2024-04-09,49,127,18,2,33,45,22,1,0,0,0,1,2,0,296,4
2024-04-10,49,127,18,2,33,45,22,1,0,0,0,1,2,0,296,4
2024-04-11,49,127,18,2,33,45,22,1,0,0,0,1,2,0,296,4
2024-04-12,49,127,18,2,33,45,22,1,0,0,0,1,2,0,296,4
2024-04-13,49,127,18,2,33,45,22,1,0,0,0,1,2,0,296,4
2024-04-14,49,127,18,2,33,45,22,1,0,0,0,1,2,0,296,4
2024-04-15,49,127,18,2,33,45,22,1,0,0,0,1,2,0,296,4
2024-04-16,49,127,18,2,33,45,22,1,0,0,0,1,2,0,296,4
2024-04-17,49,127,18,2,33,45,22,1,0,0,0,1,2,0,296,4
2024-04-18,49,127,18,2,33,45,22,1,0,0,0,1,2,0,296,4
2024-04-19,49,127,18,2,33,45,22,1,0,0,0,1,2,0,296,4
2024-04-20,49,127,18,2,33,45,22,1,0,0,0,1,2,0,296,4
2024-04-21,49,127,18,2,33,45,22,1,0,0,0,1,2,0,296,4
2024-04-22,49,127,18,2,33,45,22,1,0,0,0,1,2,0,296,4
2024-04-23,49,127,18,2,33,45,22,1,0,0,0,1,2,0,296,4
2024-04-24,49,127,18,2,33,45,22,1,0,0,0,1,2,0,296,4
2024-04-25,49,127,18,2,33,45,22,1,0,0,0,1,2,0,296,4
2024-04-26,49,127,18,2,33,45,22,1,0,0,0,1,2,0,296,4
2024-04-27,49,127,18,2,33,45,22,1,0,0,0,1,2,0,296,4
2024-04-28,49,127,18,2,33,45,22,1,0,0,0,1,2,0,296,4
2024-04-29,49,127,18,2,33,45,22,1,0,0,0,1,2,0,296,4
2024-04-30,49,127,18,2,33,45,22,1,0,0,0,1,2,0,296,4
2024-05-01,49,127,18,2,33,45,22,1,0,0,0,1,2,0,296,4
2024-05-02,49,127,18,2,33,45,22,1,0,0,0,1,2,0,296,4
2024-05-03,49,127,18,2,33,45,22,1,0,0,0,1,2,0,296,4
2024-05-04,49,127,18,2,33,45,22,1,0,0,0,1,2,0,296,4
2024-05-05,49,127,18,2,33,45,22,1,0,0,0,1,2,0,296,4
2024-05-06,49,127,18,2,33,45,22,1,0,0,0,1,2,0,296,4
2024-05-07,49,127,18,2,33,45,22,1,0,0,0,1,2,0,296,4
2024-05-08,49,127,18,2,33,45,22,1,0,0,0,1,2,0,296,4
2024-05-09,49,127,18,2,33,45,22,1,0,0,0,1,2,0,296,4
2024-05-10,49,127,18,2,33,45,22,1,0,0,0,1,2,0,296,4
2024-05-11,49,127,18,2,33,45,22,1,0,0,0,1,2,0,296,4
2024-05-12,49,127,18,2,33,45,22,1,0,0,0,1,2,0,296,4
2024-05-13,49,127,18,2,33,45,22,1,0,0,0,1,2,0,296,4
2024-05-14,49,127,18,2,33,45,22,1,0,0,0,1,2,0,296,4
2024-05-15,49,127,18,2,33,45,22,1,0,0,0,1,2,0,296,4
2024-05-16,49,127,18,2,33,45,22,1,0,0,0,1,2,0,296,4
2024-05-17,49,127,18,2,33,45,22,1,0,0,0,1,2,0,296,4
2024-05-18,49,127,18,2,33,45,22,1,0,0,0,1,2,0,296,4
2024-05-19,49,127,18,2,33,45,22,1,0,0,0,1,2,0,296,4
2024-05-20,49,127,18,2,33,45,22,1,0,0,0,1,2,0,296,4
2024-05-21,49,127,18,2,33,45,22,1,0,0,0,1,2,0,296,4
2024-05-22,49,127,18,2,33,45,22,1,0,0,0,1,2,0,296,4
2024-05-23,49,127,18,2,33,45,22,1,0,0,0,1,2,0,296,4
2024-05-24,49,127,18,2,33,45,22,1,0,0,0,1,2,0,296,4
2024-05-25,49,127,18,2,33,45,22,1,0,0,0,1,2,0,296,4
2024-05-26,49,127,18,2,33,45,22,1,0,0,0,1,2,0,296,4
2024-05-27,49,127,18,2,33,45,22,1,0,0,0,1,2,0,296,4
2024-05-28,49,127,18,2,33,45,22,1,0,0,0,1,2,0,296,4
2024-05-29,49,127,18,2,33,45,22,1,0,0,0,1,2,0,296,4
2024-05-30,49,127,18,2,33,45,22,1,0,0,0,1,2,0,296,4
2024-05-31,49,127,18,2,33,45,22,1,0,0,0,1,2,0,296,4
2024-06-01,49,127,18,2,33,45,22,1,0,0,0,1,2,0,296,4
2024-06-02,49,127,18,2,33,45,22,1,0,0,0,1,2,0,296,4
2024-06-03,49,127,18,2,33,45,22,1,0,0,0,1,2,0,296,4
2024-06-04,49,127,18,2,33,45,22,1,0,0,0,1,2,0,296,4
2024-06-05,49,127,18,2,33,45,22,1,0,0,0,1,2,0,296,4
2024-06-06,49,127,18,2,33,45,22,1,0,0,0,1,2,0,296,4
2024-06-07,49,127,18,2,33,45,22,1,0,0,0,1,2,0,296,4
2024-06-08,49,127,18,2,33,45,22,1,0,0,0,1,2,0,296,4
2024-06-09,49,127,18,2,33,45,22,1,0,0,0,1,2,0,296,4
2024-06-10,49,127,18,2,33,45,22,1,0,0,0,1,2,0,296,4
2024-06-11,49,127,18,2,33,45,22,1,0,0,0,1,2,0,296,4
2024-06-12,49,127,18,2,33,45,22,1,0,0,0,1,2,0,296,4
2024-06-13,49,127,18,2,33,45,22,1,0,0,0,1,2,0,296,4
2024-06-14,49,127,18,2,33,45,22,1,0,0,0,1,2,0,296,4
2024-06-15,49,127,18,2,33,45,22,1,0,0,0,1,2,0,296,4
2024-06-16,49,127,18,2,33,45,22,1,0,0,0,1,2,0,296,4
2024-06-17,49,127,18,2,33,45,22,1,0,0,0,1,2,0,296,4
2024-06-18,49,127,18,2,33,45,22,1,0,0,0,1,2,0,296,4
2024-06-19,49,127,18,2,33,45,22,1,0,0,0,1,2,0,296,4
2024-06-20,49,127,18,2,33,45,22,1,0,0,0,1,2,0,296,4
2024-06-21,49,127,18,2,33,45,22,1,0,0,0,1,2,0,296,4
2024-06-22,49,127,18,2,33,45,22,1,0,0,0,1,2,0,296,4
2024-06-23,49,127,18,2,33,45,22,1,0,0,0,1,2,0,296,4
2024-06-24,49,127,18,2,33,45,22,1,0,0,0,1,2,0,296,4
2024-06-25,49,127,18,2,33,45,22,1,0,0,0,1,2,0,296,4
2024-06-26,49,127,18,2,33,45,22,1,0,0,0,1,2,0,296,4
2024-06-27,49,127,18,2,33,45,22,1,0,0,0,1,2,0,296,4
2024-06-28,49,127,18,2,33,45,22,1,0,0,0,1,2,0,296,4
2024-06-29,49,127,18,2,33,45,22,1,0,0,0,1,2,0,296,4
2024-06-30,49,127,18,2,33,45,22,1,0,0,0,1,2,0,296,4
2024-07-01,49,127,18,2,33,45,22,1,0,0,0,1,2,0,296,4
2024-07-02,49,127,18,2,33,45,22,1,0,0,0,1,2,0,296,4
2024-07-03,49,127,18,2,33,45,22,1,0,0,0,1,2,0,296,4
2024-07-04,49,127,18,2,33,45,22,1,0,0,0,1,2,0,296,4
2024-07-05,49,127,18,2,33,45,22,1,0,0,0,1,2,0,296,4
2024-07-06,49,127,18,2,33,45,22,1,0,0,0,1,2,0,296,4
2024-07-07,49,127,18,2,33,45,22,1,0,0,0,1,2,0,296,4
2024-07-08,49,127,18,2,33,45,22,1,0,0,0,1,2,0,296,4
2024-07-09,49,127,18,2,33,45,22,1,0,0,0,1,2,0,296,4
2024-07-10,49,127,18,2,33,45,22,1,0,0,0,1,2,0,296,4
2024-07-11,49,127,18,2,33,45,22,1,0,0,0,1,2,0,296,4
2024-07-12,49,127,18,2,33,45,22,1,0,0,0,1,2,0,296,4
2024-07-13,49,127,18,2,33,45,22,1,0,0,0,1,2,0,296,4
2024-07-14,49,127,18,2,33,45,22,1,0,0,0,1,2,0,296,4
2024-07-15,49,127,18,2,33,45,22,1,0,0,0,1,2,0,296,4
2024-07-16,49,127,18,2,33,45,22,1,0,0,0,1,2,0,296,4
2024-07-17,49,127,18,2,33,45,22,1,0,0,0,1,2,0,296,4
2024-07-18,49,127,18,2,33,45,22,1,0,0,0,1,2,0,296,4
2024-07-19,49,127,18,2,33,45,22,1,0,0,0,1,2,0,296,4
2024-07-20,49,127,18,2,33,45,22,1,0,0,0,1,2,0,296,4
2024-07-21,49,127,18,2,33,45,22,1,0,0,0,1,2,0,296,4
2024-07-22,49,127,18,2,33,45,22,1,0,0,0,1,2,0,296,4
2024-07-23,49,127,18,2,33,45,22,1,0,0,0,1,2,0,296,4
2024-07-24,49,127,18,2,33,45,22,1,0,0,0,1,2,0,296,4
2024-07-25,49,127,18,2,33,45,22,1,0,0,0,1,2,0,296,4
2024-07-26,49,127,18,2,33,45,22,1,0,0,0,1,2,0,296,4
2024-07-27,49,127,18,2,33,45,22,1,0,0,0,1,2,0,296,4
2024-07-28,49,127,18,2,33,45,22,1,0,0,0,1,2,0,296,4
2024-07-29,49,127,18,2,33,45,22,1,0,0,0,1,2,0,296,4
2024-07-30,49,127,18,2,33,45,22,1,0,0,0,1,2,0,296,4
2024-07-31,49,127,18,2,33,45,22,1,0,0,0,1,2,0,296,4
2024-08-01,49,127,18,2,33,45,22,1,0,0,0,1,2,0,296,4
2024-08-02,49,127,18,2,33,45,22,1,0,0,0,1,2,0,296,4
2024-08-03,49,127,18,2,33,45,22,1,0,0,0,1,2,0,296,4
2024-08-04,49,127,18,2,33,45,22,1,0,0,0,1,2,0,296,4
2024-08-05,49,127,18,2,33,45,22,1,0,0,0,1,2,0,296,4
2024-08-06,49,127,18,2,33,45,22,1,0,0,0,1,2,0,296,4
2024-08-07,49,127,18,2,33,45,22,1,0,0,0,1,2,0,296,4
2024-08-08,49,127,18,2,33,45,22,1,0,0,0,1,2,0,296,4
2024-08-09,49,127,18,2,33,45,22,1,0,0,0,1,2,0,296,4
2024-08-10,49,127,18,2,33,45,22,1,0,0,0,1,2,0,296,4
2024-08-11,49,127,18,2,33,45,22,1,0,0,0,1,2,0,296,4
2024-08-12,49,127,18,2,33,45,22,1,0,0,0,1,2,0,296,4
2024-08-13,49,127,18,2,33,45,22,1,0,0,0,1,2,0,296,4
2024-08-14,49,127,18,2,33,45,22,1,0,0,0,1,2,0,296,4
2024-08-15,49,127,18,2,33,45,22,1,0,0,0,1,2,0,296,4
2024-08-16,49,127,18,2,33,45,22,1,0,0,0,1,2,0,296,4
2024-08-17,49,127,18,2,33,45,22,1,0,0,0,1,2,0,296,4
2024-08-18,49,127,18,2,33,45,22,1,0,0,0,1,2,0,296,4
2024-08-19,49,127,18,2,33,45,22,1,0,0,0,1,2,0,296,4
2024-08-20,49,127,18,2,33,45,22,1,0,0,0,1,2,0,296,4
2024-08-21,49,127,18,2,33,45,22,1,0,0,0,1,2,0,296,4
2024-08-22,49,127,18,2,33,45,22,1,0,0,0,1,2,0,296,4
2024-08-23,49,127,18,2,33,45,22,1,0,0,0,1,2,0,296,4
2024-08-24,49,127,18,2,33,45,22,1,0,0,0,1,2,0,296,4
2024-08-25,49,127,18,2,33,45,22,1,0,0,0,1,2,0,296,4
2024-08-26,49,127,18,2,33,45,22,1,0,0,0,1,2,0,296,4
2024-08-27,49,127,18,2,33,45,22,1,0,0,0,1,2,0,296,4
2024-08-28,49,127,18,2,33,45,22,1,0,0,0,1,2,0,296,4
2024-08-29,49,127,18,2,33,45,22,1,0,0,0,1,2,0,296,4
2024-08-30,49,127,18,2,33,45,22,1,0,0,0,1,2,0,296,4
2024-08-31,49,127,18,2,33,45,22,1,0,0,0,1,2,0,296,4
2024-09-01,49,127,18,2,33,45,22,1,0,0,0,1,2,0,296,4
2024-09-02,49,127,18,2,33,45,22,1,0,0,0,1,2,0,296,4
2024-09-03,49,127,18,2,33,45,22,1,0,0,0,1,2,0,296,4
2024-09-04,49,127,18,2,33,45,22,1,0,0,0,1,2,0,296,4
2024-09-05,49,127,18,2,33,45,22,1,0,0,0,1,2,0,296,4
2024-09-06,49,127,18,2,33,45,22,1,0,0,0,1,2,0,296,4
2024-09-07,49,127,18,2,33,45,22,1,0,0,0,1,2,0,296,4
2024-09-08,49,127,18,2,33,45,22,1,0,0,0,1,2,0,296,4
2024-09-09,49,127,18,2,33,45,22,1,0,0,0,1,2,0,296,4
2024-09-10,49,127,18,2,33,45,22,1,0,0,0,1,2,0,296,4
2024-09-11,49,127,18,2,33,45,22,1,0,0,0,1,2,0,296,4
2024-09-12,49,127,18,2,33,45,22,1,0,0,0,1,2,0,296,4
2024-09-13,49,127,18,2,33,45,22,1,0,0,0,1,2,0,296,4
2024-09-14,49,127,18,2,33,45,22,1,0,0,0,1,2,0,296,4
2024-09-15,49,127,18,2,33,45,22,1,0,0,0,1,2,0,296,4
2024-09-16,49,127,18,2,33,45,22,1,0,0,0,1,2,0,296,4
2024-09-17,49,127,18,2,33,45,22,1,0,0,0,1,2,0,296,4
2024-09-18,49,127,18,2,33,45,22,1,0,0,0,1,2,0,296,4
2024-09-19,49,127,18,2,33,45,22,1,0,0,0,1,2,0,296,4
2024-09-20,49,127,18,2,33,45,22,1,0,0,0,1,2,0,296,4
2024-09-21,49,127,18,2,33,45,22,1,0,0,0,1,2,0,296,4
2024-09-22,49,127,18,2,33,45,22,1,0,0,0,1,2,0,296,4
2024-09-23,49,127,18,2,33,45,22,1,0,0,0,1,2,0,296,4
2024-09-24,49,127,18,2,33,45,22,1,0,0,0,1,2,0,296,4
2024-09-25,49,127,18,2,33,45,22,1,0,0,0,1,2,0,296,4
2024-09-26,49,127,18,2,33,45,22,1,0,0,0,1,2,0,296,4
2024-09-27,49,127,18,2,33,45,22,1,0,0,0,1,2,0,296,4
2024-09-28,49,127,18,2,33,45,22,1,0,0,0,1,2,0,296,4
2024-09-29,49,127,18,2,33,45,22,1,0,0,0,1,2,0,296,4
2024-09-30,49,127,18,2,33,45,22,1,0,0,0,1,2,0,296,4
2024-10-01,49,127,18,2,33,45,22,1,0,0,0,1,2,0,296,4
2024-10-02,49,127,18,2,33,45,22,1,0,0,0,1,2,0,296,4
2024-10-03,49,127,18,2,33,45,22,1,0,0,0,1,2,0,296,4
2024-10-04,49,127,18,2,33,45,22,1,0,0,0,1,2,0,296,4
2024-10-05,49,127,18,2,33,45,22,1,0,0,0,1,2,0,296,4
2024-10-06,49,127,18,2,33,45,22,1,0,0,0,1,2,0,296,4
2024-10-07,49,127,18,2,33,45,22,1,0,0,0,1,2,0,296,4
2024-10-08,49,127,18,2,33,45,22,1,0,0,0,1,2,0,296,4
2024-10-09,49,127,18,2,33,45,22,1,0,0,0,1,2,0,296,4
2024-10-10,49,127,18,2,33,45,22,1,0,0,0,1,2,0,296,4
2024-10-11,49,127,18,2,33,45,22,1,0,0,0,1,2,0,296,4
2024-10-12,49,127,18,2,33,45,22,1,0,0,0,1,2,0,296,4
2024-10-13,49,127,18,2,33,45,22,1,0,0,0,1,2,0,296,4
2024-10-14,49,127,18,2,33,45,22,1,0,0,0,1,2,0,296,4
2024-10-15,49,127,18,2,33,45,22,1,0,0,0,1,2,0,296,4
2024-10-16,49,127,18,2,33,45,22,1,0,0,0,1,2,0,296,4
2024-10-17,49,127,18,2,33,45,22,1,0,0,0,1,2,0,296,4
2024-10-18,49,127,18,2,33,45,22,1,0,0,0,1,2,0,296,4
2024-10-19,49,127,18,2,33,45,22,1,0,0,0,1,2,0,296,4
2024-10-20,49,127,18,2,33,45,22,1,0,0,0,1,2,0,296,4
2024-10-21,49,130,18,2,33,45,22,1,3,0,0,1,2,0,299,7
2024-10-22,49,130,18,2,33,45,22,1,3,0,0,1,2,0,299,7
2024-10-23,49,130,18,2,33,45,22,1,3,0,0,1,2,0,299,7
2024-10-24,49,130,18,2,33,45,22,1,3,0,0,1,2,0,299,7
2024-10-25,49,131,18,2,33,45,22,1,4,0,0,1,2,0,300,8
2024-10-26,49,131,18,2,33,45,22,1,4,0,0,1,2,0,300,8
2024-10-27,49,132,18,2,33,45,22,1,5,0,0,1,2,0,301,9
2024-10-28,49,133,18,2,33,45,22,1,6,0,0,1,2,0,302,10
2024-10-29,49,133,18,2,33,45,23,1,6,0,0,1,2,1,303,11
2024-10-30,49,135,18,2,33,45,23,1,8,0,0,1,2,1,305,13
2024-10-31,49,136,18,2,33,45,23,1,9,0,0,1,2,1,306,14
2024-11-01,49,139,18,2,33,45,23,1,12,0,0,1,2,1,309,17
2024-11-02,49,139,18,2,33,45,23,1,12,0,0,1,2,1,309,17
2024-11-03,49,140,18,2,33,45,23,1,13,0,0,1,2,1,310,18
2024-11-04,49,140,18,2,33,45,23,1,13,0,0,1,2,1,310,18
2024-11-05,49,140,18,2,33,45,23,1,13,0,0,1,2,1,310,18
2024-11-06,49,140,18,2,33,45,23,1,13,0,0,1,2,1,310,18
2024-11-07,49,142,18,2,33,45,23,1,15,0,0,1,2,1,312,20
2024-11-08,49,146,18,2,33,45,23,1,19,0,0,1,2,1,316,24
2024-11-09,49,148,18,2,33,45,23,1,21,0,0,1,2,1,318,26
2024-11-10,49,149,18,2,33,45,23,1,22,0,0,1,2,1,319,27
2024-11-11,49,150,18,2,33,45,23,1,23,0,0,1,2,1,320,28
2024-11-12,50,153,18,2,33,45,23,2,26,0,0,1,2,1,324,32
2024-11-13,50,153,18,2,33,45,23,2,26,0,0,1,2,1,324,32
2024-11-14,50,154,18,2,33,45,23,2,27,0,0,1,2,1,325,33
2024-11-15,50,159,18,2,33,45,23,2,32,0,0,1,2,1,330,38
2024-11-16,50,161,18,2,33,45,23,2,34,0,0,1,2,1,332,40
2024-11-17,50,165,18,2,33,45,23,2,38,0,0,1,2,1,336,44
2024-11-18,50,165,18,2,33,45,23,2,38,0,0,1,2,1,336,44
2024-11-19,50,167,18,2,33,45,23,2,40,0,0,1,2,1,338,46
2024-11-20,50,170,18,2,33,45,23,2,43,0,0,1,2,1,341,49
2024-11-21,50,172,18,2,33,45,23,2,45,0,0,1,2,1,343,51
2024-11-22,50,174,18,2,33,45,23,2,47,0,0,1,2,1,345,53
2024-11-23,50,175,18,2,33,45,23,2,48,0,0,1,2,1,346,54
2024-11-24,50,176,18,2,33,45,23,2,49,0,0,1,2,1,347,55
2024-11-25,50,176,18,2,33,45,23,2,49,0,0,1,2,1,347,55
2024-11-26,50,176,19,2,33,45,23,2,49,1,0,1,2,1,348,56
2024-11-27,50,177,19,2,33,45,23,2,50,1,0,1,2,1,349,57
2024-11-28,50,178,19,2,33,45,23,2,51,1,0,1,2,1,350,58
2024-11-29,50,180,19,2,33,45,23,2,53,1,0,1,2,1,352,60
2024-11-30,50,182,19,2,33,45,23,2,55,1,0,1,2,1,354,62
2024-12-01,50,183,19,2,33,45,23,2,56,1,0,1,2,1,355,63
2024-12-02,50,183,19,2,33,45,23,2,56,1,0,1,2,1,355,63
2024-12-03,50,184,19,2,33,45,23,2,57,1,0,1,2,1,356,64
2024-12-04,50,187,19,2,33,45,23,2,60,1,0,1,2,1,359,67
2024-12-05,50,187,19,2,33,45,23,2,60,1,0,1,2,1,359,67
2024-12-06,50,188,19,2,33,45,23,2,61,1,0,1,2,1,360,68
2024-12-07,50,188,19,2,33,45,23,2,61,1,0,1,2,1,360,68
2024-12-08,50,190,19,2,33,45,23,2,63,1,0,1,2,1,362,70
2024-12-09,50,191,19,2,33,45,23,2,64,1,0,1,2,1,363,71
2024-12-10,50,193,19,2,33,45,23,2,66,1,0,1,2,1,365,73
2024-12-11,50,193,19,2,33,45,23,2,66,1,0,1,2,1,365,73
2024-12-12,50,193,19,2,33,45,23,2,66,1,0,1,2,1,365,73
2024-12-13,50,194,19,2,33,45,23,2,67,1,0,1,2,1,366,74
2024-12-14,50,194,19,2,34,45,23,2,67,1,0,2,2,1,367,75
2024-12-15,50,194,19,2,34,45,23,2,67,1,0,2,2,1,367,75
2024-12-16,50,194,19,2,34,45,23,2,67,1,0,2,2,1,367,75
2024-12-17,50,195,19,2,34,45,23,2,68,1,0,2,2,1,368,76
2024-12-18,50,195,19,2,34,45,23,2,68,1,0,2,2,1,368,76
2024-12-19,50,195,19,2,35,45,23,2,68,1,0,3,2,1,369,77
2024-12-20,50,195,19,2,38,45,23,2,68,1,0,6,2,1,372,80
2024-12-21,50,195,19,2,38,45,23,2,68,1,0,6,2,1,372,80
2024-12-22,50,195,19,2,38,45,23,2,68,1,0,6,2,1,372,80
2024-12-23,50,196,19,2,38,45,23,2,69,1,0,6,2,1,373,81
2024-12-24,50,196,19,2,38,45,23,2,69,1,0,6,2,1,373,81
2024-12-25,50,196,19,2,38,45,23,2,69,1,0,6,2,1,373,81
2024-12-26,50,196,19,2,38,45,23,2,69,1,0,6,2,1,373,81
2024-12-27,50,196,19,2,39,45,23,2,69,1,0,7,2,1,374,82
2024-12-28,50,196,19,2,39,45,23,2,69,1,0,7,2,1,374,82
2024-12-29,50,196,19,2,39,45,23,2,69,1,0,7,2,1,374,82
2024-12-30,50,196,19,2,39,45,23,2,69,1,0,7,2,1,374,82
2024-12-31,50,197,19,2,39,45,23,2,70,1,0,7,2,1,375,83
2025-01-01,50,198,19,2,39,45,23,0,1,0,0,0,0,0,376,1
2025-01-02,50,198,19,2,39,45,23,0,1,0,0,0,0,0,376,1
2025-01-03,50,198,19,2,40,45,23,0,1,0,0,1,0,0,377,2
2025-01-04,50,199,19,2,40,45,23,0,2,0,0,1,0,0,378,3
2025-01-05,50,200,19,2,40,45,23,0,3,0,0,1,0,0,379,4
2025-01-06,50,200,19,2,40,45,23,0,3,0,0,1,0,0,379,4
2025-01-07,50,200,19,2,40,45,23,0,3,0,0,1,0,0,379,4
2025-01-08,50,200,19,2,40,45,23,0,3,0,0,1,0,0,379,4
2025-01-09,50,200,19,2,40,45,23,0,3,0,0,1,0,0,379,4
2025-01-10,50,200,19,2,41,45,23,0,3,0,0,2,0,0,380,5
2025-01-11,50,202,19,2,41,45,23,0,5,0,0,2,0,0,382,7
2025-01-12,50,202,19,2,41,45,23,0,5,0,0,2,0,0,382,7
2025-01-13,50,202,19,2,41,45,23,0,5,0,0,2,0,0,382,7
2025-01-14,50,202,19,2,41,45,23,0,5,0,0,2,0,0,382,7
2025-01-15,50,202,19,2,41,45,23,0,5,0,0,2,0,0,382,7
2025-01-16,50,202,19,2,41,45,23,0,5,0,0,2,0,0,382,7
2025-01-17,50,202,19,2,41,45,23,0,5,0,0,2,0,0,382,7
2025-01-18,50,202,19,2,41,45,23,0,5,0,0,2,0,0,382,7
2025-01-19,50,202,19,2,41,45,23,0,5,0,0,2,0,0,382,7
2025-01-20,50,202,19,2,41,45,23,0,5,0,0,2,0,0,382,7
2025-01-21,50,202,19,2,41,45,23,0,5,0,0,2,0,0,382,7
2025-01-22,50,202,19,2,41,45,23,0,5,0,0,2,0,0,382,7
2025-01-23,50,202,19,2,41,45,23,0,5,0,0,2,0,0,382,7
2025-01-24,50,202,19,2,41,45,23,0,5,0,0,2,0,0,382,7
2025-01-25,50,202,19,2,41,45,23,0,5,0,0,2,0,0,382,7
2025-01-26,50,202,19,2,41,45,23,0,5,0,0,2,0,0,382,7
2025-01-27,50,202,19,2,41,45,23,0,5,0,0,2,0,0,382,7
2025-01-28,50,202,19,2,41,45,23,0,5,0,0,2,0,0,382,7
2025-01-29,50,202,19,2,41,45,23,0,5,0,0,2,0,0,382,7
2025-01-30,50,202,19,2,41,46,23,0,5,0,0,2,1,0,383,8
2025-01-31,50,202,19,2,41,46,23,0,5,0,0,2,1,0,383,8
2025-02-01,50,202,19,2,41,46,23,0,5,0,0,2,1,0,383,8
2025-02-02,50,202,19,2,41,46,23,0,5,0,0,2,1,0,383,8
2025-02-03,50,202,19,2,41,46,23,0,5,0,0,2,1,0,383,8
2025-02-04,50,202,19,2,41,46,23,0,5,0,0,2,1,0,383,8
2025-02-05,50,202,19,2,41,46,23,0,5,0,0,2,1,0,383,8
2025-02-06,50,202,19,2,41,46,23,0,5,0,0,2,1,0,383,8
2025-02-07,50,202,19,2,41,46,23,0,5,0,0,2,1,0,383,8
2025-02-08,50,202,19,2,41,46,23,0,5,0,0,2,1,0,383,8
2025-02-09,50,202,19,2,41,46,23,0,5,0,0,2,1,0,383,8
2025-02-10,50,202,19,2,41,46,23,0,5,0,0,2,1,0,383,8
2025-02-11,50,202,19,2,41,46,23,0,5,0,0,2,1,0,383,8
2025-02-12,50,202,19,2,41,46,23,0,5,0,0,2,1,0,383,8
2025-02-13,50,202,19,2,41,46,23,0,5,0,0,2,1,0,383,8
2025-02-14,50,202,19,2,41,46,23,0,5,0,0,2,1,0,383,8
2025-02-15,50,202,19,2,41,46,23,0,5,0,0,2,1,0,383,8
2025-02-16,50,202,19,2,41,46,23,0,5,0,0,2,1,0,383,8
2025-02-17,50,202,19,2,41,46,23,0,5,0,0,2,1,0,383,8
2025-02-18,50,202,19,2,41,46,23,0,5,0,0,2,1,0,383,8
2025-02-19,50,202,19,2,41,46,23,0,5,0,0,2,1,0,383,8
2025-02-20,50,202,19,2,41,46,23,0,5,0,0,2,1,0,383,8
2025-02-21,50,202,19,2,41,46,23,0,5,0,0,2,1,0,383,8
2025-02-22,50,202,19,2,41,46,23,0,5,0,0,2,1,0,383,8
2025-02-23,50,202,19,2,41,46,23,0,5,0,0,2,1,0,383,8
2025-02-24,50,202,19,2,41,46,23,0,5,0,0,2,1,0,383,8
2025-02-25,50,202,19,2,41,46,23,0,5,0,0,2,1,0,383,8
2025-02-26,50,202,19,2,41,46,23,0,5,0,0,2,1,0,383,8
2025-02-27,50,202,19,2,41,46,23,0,5,0,0,2,1,0,383,8
2025-02-28,50,202,19,2,42,46,23,0,5,0,0,3,1,0,384,9
2025-03-01,50,202,19,2,42,46,23,0,5,0,0,3,1,0,384,9
2025-03-02,50,202,19,2,42,46,23,0,5,0,0,3,1,0,384,9
2025-03-03,50,202,19,2,42,46,23,0,5,0,0,3,1,0,384,9
2025-03-04,50,202,19,2,42,46,23,0,5,0,0,3,1,0,384,9
2025-03-05,50,202,19,2,42,46,23,0,5,0,0,3,1,0,384,9
2025-03-06,50,202,19,2,42,46,23,0,5,0,0,3,1,0,384,9
2025-03-07,50,202,19,2,42,46,23,0,5,0,0,3,1,0,384,9
2025-03-08,50,202,19,2,42,46,23,0,5,0,0,3,1,0,384,9
2025-03-09,50,202,19,2,42,46,23,0,5,0,0,3,1,0,384,9
2025-03-10,50,202,19,2,42,46,23,0,5,0,0,3,1,0,384,9
2025-03-11,50,202,19,2,42,46,23,0,5,0,0,3,1,0,384,9
2025-03-12,50,202,19,2,42,46,23,0,5,0,0,3,1,0,384,9
2025-03-13,50,202,19,2,43,46,23,0,5,0,0,4,1,0,385,10
2025-03-14,50,202,19,2,43,46,23,0,5,0,0,4,1,0,385,10
2025-03-15,50,202,19,2,43,46,23,0,5,0,0,4,1,0,385,10
2025-03-16,50,202,19,2,43,46,23,0,5,0,0,4,1,0,385,10
2025-03-17,50,202,19,2,43,46,23,0,5,0,0,4,1,0,385,10
2025-03-18,50,202,19,2,43,46,23,0,5,0,0,4,1,0,385,10
2025-03-19,50,202,19,2,43,46,23,0,5,0,0,4,1,0,385,10
2025-03-20,50,202,19,2,43,46,23,0,5,0,0,4,1,0,385,10
2025-03-21,50,202,19,2,43,46,23,0,5,0,0,4,1,0,385,10
2025-03-22,50,202,19,2,43,46,23,0,5,0,0,4,1,0,385,10
2025-03-23,50,202,19,2,43,46,23,0,5,0,0,4,1,0,385,10
2025-03-24,50,202,19,2,44,46,23,0,5,0,0,5,1,0,386,11
2025-03-25,50,202,19,2,44,46,23,0,5,0,0,5,1,0,386,11
2025-03-26,50,202,19,2,44,46,23,0,5,0,0,5,1,0,386,11
2025-03-27,50,202,19,2,44,46,23,0,5,0,0,5,1,0,386,11
2025-03-28,50,202,19,2,44,46,23,0,5,0,0,5,1,0,386,11
2025-03-29,50,202,19,2,44,46,23,0,5,0,0,5,1,0,386,11
2025-03-30,50,202,19,2,44,46,23,0,5,0,0,5,1,0,386,11
2025-03-31,50,202,19,2,44,46,23,0,5,0,0,5,1,0,386,11
2025-04-01,50,202,19,2,44,46,23,0,5,0,0,5,1,0,386,11
2025-04-02,50,202,19,2,44,46,23,0,5,0,0,5,1,0,386,11
2025-04-03,50,202,19,2,44,46,23,0,5,0,0,5,1,0,386,11
2025-04-04,50,202,19,2,44,46,23,0,5,0,0,5,1,0,386,11
2025-04-05,50,202,19,2,44,46,23,0,5,0,0,5,1,0,386,11
2025-04-06,50,202,19,2,44,46,23,0,5,0,0,5,1,0,386,11
2025-04-07,50,202,19,2,44,46,23,0,5,0,0,5,1,0,386,11
2025-04-08,50,202,19,2,44,46,23,0,5,0,0,5,1,0,386,11
2025-04-09,50,202,19,2,44,46,23,0,5,0,0,5,1,0,386,11
2025-04-10,50,202,19,2,44,46,23,0,5,0,0,5,1,0,386,11
2025-04-11,50,202,19,2,44,46,23,0,5,0,0,5,1,0,386,11
2025-04-12,50,202,19,2,44,46,23,0,5,0,0,5,1,0,386,11
2025-04-13,50,202,19,2,44,46,23,0,5,0,0,5,1,0,386,11
2025-04-14,50,202,19,2,44,46,23,0,5,0,0,5,1,0,386,11
2025-04-15,50,202,19,2,44,46,23,0,5,0,0,5,1,0,386,11
2025-04-16,50,202,19,2,44,46,23,0,5,0,0,5,1,0,386,11
2025-04-17,50,202,19,2,44,46,23,0,5,0,0,5,1,0,386,11
2025-04-18,50,202,19,2,44,46,23,0,5,0,0,5,1,0,386,11
2025-04-19,50,202,19,2,44,46,23,0,5,0,0,5,1,0,386,11
2025-04-20,50,202,19,2,44,46,23,0,5,0,0,5,1,0,386,11
2025-04-21,50,202,19,2,44,46,23,0,5,0,0,5,1,0,386,11
2025-04-22,50,202,19,2,44,46,23,0,5,0,0,5,1,0,386,11
2025-04-23,50,202,19,2,44,46,23,0,5,0,0,5,1,0,386,11
2025-04-24,50,202,19,2,44,46,23,0,5,0,0,5,1,0,386,11
2025-04-25,50,202,19,2,44,46,23,0,5,0,0,5,1,0,386,11
2025-04-26,50,202,19,2,44,46,23,0,5,0,0,5,1,0,386,11
2025-04-27,50,202,19,2,44,46,23,0,5,0,0,5,1,0,386,11
2025-04-28,50,202,19,2,44,46,23,0,5,0,0,5,1,0,386,11
2025-04-29,50,202,19,2,44,46,23,0,5,0,0,5,1,0,386,11
2025-04-30,50,202,19,2,44,46,23,0,5,0,0,5,1,0,386,11
2025-05-01,50,202,19,2,44,46,23,0,5,0,0,5,1,0,386,11
2025-05-02,50,202,20,2,44,46,23,0,5,1,0,5,1,0,387,12
2025-05-03,50,202,20,2,44,46,23,0,5,1,0,5,1,0,387,12
2025-05-04,50,202,20,2,44,46,23,0,5,1,0,5,1,0,387,12
2025-05-05,50,202,20,2,44,46,23,0,5,1,0,5,1,0,387,12
2025-05-06,50,202,20,2,44,46,23,0,5,1,0,5,1,0,387,12
2025-05-07,50,202,20,2,44,46,23,0,5,1,0,5,1,0,387,12
2025-05-08,50,202,20,2,44,46,23,0,5,1,0,5,1,0,387,12
2025-05-09,50,202,20,2,44,46,23,0,5,1,0,5,1,0,387,12
2025-05-10,50,202,20,2,44,46,23,0,5,1,0,5,1,0,387,12
2025-05-11,50,202,20,2,44,46,23,0,5,1,0,5,1,0,387,12
2025-05-12,50,202,20,2,44,46,23,0,5,1,0,5,1,0,387,12
2025-05-13,50,202,20,2,44,46,23,0,5,1,0,5,1,0,387,12
2025-05-14,50,202,20,2,44,46,23,0,5,1,0,5,1,0,387,12
2025-05-15,50,202,20,2,44,46,23,0,5,1,0,5,1,0,387,12
2025-05-16,50,202,20,2,44,46,23,0,5,1,0,5,1,0,387,12
2025-05-17,50,202,20,2,44,46,23,0,5,1,0,5,1,0,387,12
2025-05-18,50,202,20,2,44,46,23,0,5,1,0,5,1,0,387,12
2025-05-19,50,202,20,2,44,46,23,0,5,1,0,5,1,0,387,12
2025-05-20,50,202,20,2,44,46,23,0,5,1,0,5,1,0,387,12
2025-05-21,50,202,20,2,44,46,23,0,5,1,0,5,1,0,387,12
2025-05-22,50,202,20,2,44,46,23,0,5,1,0,5,1,0,387,12
2025-05-23,50,202,20,2,44,46,23,0,5,1,0,5,1,0,387,12
2025-05-24,50,202,20,2,44,46,23,0,5,1,0,5,1,0,387,12
2025-05-25,50,202,20,2,44,46,23,0,5,1,0,5,1,0,387,12
2025-05-26,50,202,20,2,44,46,23,0,5,1,0,5,1,0,387,12
2025-05-27,50,202,20,2,44,46,23,0,5,1,0,5,1,0,387,12
2025-05-28,50,202,20,2,44,46,23,0,5,1,0,5,1,0,387,12
2025-05-29,50,202,20,2,44,46,23,0,5,1,0,5,1,0,387,12
2025-05-30,50,202,20,2,44,46,23,0,5,1,0,5,1,0,387,12
2025-05-31,50,202,20,2,44,46,23,0,5,1,0,5,1,0,387,12
2025-06-01,50,202,20,2,44,46,23,0,5,1,0,5,1,0,387,12
2025-06-02,50,202,20,2,44,46,23,0,5,1,0,5,1,0,387,12
2025-06-03,50,202,20,2,44,46,23,0,5,1,0,5,1,0,387,12
2025-06-04,50,202,20,2,44,46,23,0,5,1,0,5,1,0,387,12
2025-06-05,50,202,20,2,44,46,23,0,5,1,0,5,1,0,387,12
2025-06-06,50,202,20,2,44,46,23,0,5,1,0,5,1,0,387,12
2025-06-07,50,202,20,2,44,46,23,0,5,1,0,5,1,0,387,12
2025-06-08,50,202,20,2,44,46,23,0,5,1,0,5,1,0,387,12
2025-06-09,50,202,20,2,44,46,23,0,5,1,0,5,1,0,387,12
2025-06-10,50,202,20,2,44,46,23,0,5,1,0,5,1,0,387,12
2025-06-11,50,202,20,2,44,46,23,0,5,1,0,5,1,0,387,12
2025-06-12,50,202,20,2,44,46,23,0,5,1,0,5,1,0,387,12
2025-06-13,50,202,20,2,44,46,23,0,5,1,0,5,1,0,387,12
2025-06-14,50,202,20,2,44,46,23,0,5,1,0,5,1,0,387,12
2025-06-15,50,202,20,2,44,46,23,0,5,1,0,5,1,0,387,12
2025-06-16,50,202,20,2,44,46,23,0,5,1,0,5,1,0,387,12
2025-06-17,50,202,20,2,44,46,23,0,5,1,0,5,1,0,387,12
2025-06-18,50,202,20,2,44,46,23,0,5,1,0,5,1,0,387,12
2025-06-19,50,202,20,2,44,46,23,0,5,1,0,5,1,0,387,12
2025-06-20,50,202,20,2,44,46,23,0,5,1,0,5,1,0,387,12
2025-06-21,50,202,20,2,44,46,23,0,5,1,0,5,1,0,387,12
2025-06-22,50,202,20,2,44,46,23,0,5,1,0,5,1,0,387,12
2025-06-23,50,202,20,2,44,46,23,0,5,1,0,5,1,0,387,12
2025-06-24,50,202,20,2,44,46,23,0,5,1,0,5,1,0,387,12
2025-06-25,50,202,20,2,44,46,23,0,5,1,0,5,1,0,387,12
2025-06-26,50,202,20,2,44,46,23,0,5,1,0,5,1,0,387,12
2025-06-27,50,202,20,2,44,46,23,0,5,1,0,5,1,0,387,12
2025-06-28,50,202,20,2,44,46,23,0,5,1,0,5,1,0,387,12
2025-06-29,50,202,20,2,44,46,23,0,5,1,0,5,1,0,387,12
2025-06-30,50,202,20,2,44,46,23,0,5,1,0,5,1,0,387,12
2025-07-01,50,202,20,2,44,46,23,0,5,1,0,5,1,0,387,12
2025-07-02,50,202,20,2,44,46,23,0,5,1,0,5,1,0,387,12
2025-07-03,50,202,20,2,44,46,23,0,5,1,0,5,1,0,387,12
2025-07-04,50,202,20,2,44,46,23,0,5,1,0,5,1,0,387,12
2025-07-05,50,202,20,2,44,46,23,0,5,1,0,5,1,0,387,12
2025-07-06,50,202,20,2,44,46,23,0,5,1,0,5,1,0,387,12
2025-07-07,50,202,20,2,44,46,23,0,5,1,0,5,1,0,387,12
2025-07-08,50,202,20,2,44,46,23,0,5,1,0,5,1,0,387,12
2025-07-09,50,202,20,2,44,46,23,0,5,1,0,5,1,0,387,12
2025-07-10,50,202,20,2,44,46,23,0,5,1,0,5,1,0,387,12
2025-07-11,50,202,20,2,44,46,23,0,5,1,0,5,1,0,387,12
2025-07-12,50,202,20,2,44,46,23,0,5,1,0,5,1,0,387,12
2025-07-13,50,202,20,2,44,46,23,0,5,1,0,5,1,0,387,12
2025-07-14,50,202,20,2,44,46,23,0,5,1,0,5,1,0,387,12
2025-07-15,50,202,20,2,44,46,23,0,5,1,0,5,1,0,387,12
2025-07-16,50,202,20,2,44,46,23,0,5,1,0,5,1,0,387,12
2025-07-17,50,202,20,2,44,46,23,0,5,1,0,5,1,0,387,12
2025-07-18,50,202,20,2,44,46,23,0,5,1,0,5,1,0,387,12
2025-07-19,50,202,20,2,44,46,23,0,5,1,0,5,1,0,387,12
2025-07-20,50,202,20,2,44,46,23,0,5,1,0,5,1,0,387,12
2025-07-21,50,202,20,2,44,46,23,0,5,1,0,5,1,0,387,12
2025-07-22,50,202,20,2,44,46,23,0,5,1,0,5,1,0,387,12
2025-07-23,50,202,20,2,44,46,23,0,5,1,0,5,1,0,387,12
2025-07-24,50,202,20,2,44,46,23,0,5,1,0,5,1,0,387,12
2025-07-25,50,202,20,2,44,46,23,0,5,1,0,5,1,0,387,12
2025-07-26,50,202,20,2,44,46,23,0,5,1,0,5,1,0,387,12
2025-07-27,50,202,20,2,44,46,23,0,5,1,0,5,1,0,387,12
2025-07-28,50,202,20,2,44,46,23,0,5,1,0,5,1,0,387,12
2025-07-29,50,202,20,2,44,46,23,0,5,1,0,5,1,0,387,12
2025-07-30,50,202,20,2,44,46,23,0,5,1,0,5,1,0,387,12
2025-07-31,50,202,20,2,44,46,23,0,5,1,0,5,1,0,387,12
2025-08-01,50,202,20,2,44,46,23,0,5,1,0,5,1,0,387,12
2025-08-02,50,202,20,2,44,46,23,0,5,1,0,5,1,0,387,12
2025-08-03,50,202,20,2,44,46,23,0,5,1,0,5,1,0,387,12
2025-08-04,50,202,20,2,44,46,23,0,5,1,0,5,1,0,387,12
2025-08-05,50,202,20,2,44,46,23,0,5,1,0,5,1,0,387,12
2025-08-06,50,202,20,2,44,46,23,0,5,1,0,5,1,0,387,12
2025-08-07,50,202,20,2,44,46,23,0,5,1,0,5,1,0,387,12
2025-08-08,50,202,20,2,44,46,23,0,5,1,0,5,1,0,387,12
2025-08-09,50,202,20,2,44,46,23,0,5,1,0,5,1,0,387,12
2025-08-10,50,202,20,2,44,46,23,0,5,1,0,5,1,0,387,12
2025-08-11,50,202,20,2,44,46,23,0,5,1,0,5,1,0,387,12
2025-08-12,50,202,20,2,44,46,23,0,5,1,0,5,1,0,387,12
2025-08-13,50,202,20,2,44,46,23,0,5,1,0,5,1,0,387,12
2025-08-14,50,202,20,2,44,46,23,0,5,1,0,5,1,0,387,12
2025-08-15,50,202,20,2,44,46,23,0,5,1,0,5,1,0,387,12
2025-08-16,50,202,20,2,44,46,23,0,5,1,0,5,1,0,387,12
2025-08-17,50,202,20,2,44,46,23,0,5,1,0,5,1,0,387,12
2025-08-18,50,202,20,2,44,46,23,0,5,1,0,5,1,0,387,12
2025-08-19,50,202,20,2,44,46,23,0,5,1,0,5,1,0,387,12
2025-08-20,50,202,20,2,44,46,23,0,5,1,0,5,1,0,387,12
2025-08-21,50,202,20,2,44,46,23,0,5,1,0,5,1,0,387,12
2025-08-22,50,202,20,2,44,46,23,0,5,1,0,5,1,0,387,12
2025-08-23,50,202,20,2,44,46,23,0,5,1,0,5,1,0,387,12
2025-08-24,50,202,20,2,44,46,23,0,5,1,0,5,1,0,387,12
2025-08-25,50,202,20,2,44,46,23,0,5,1,0,5,1,0,387,12
2025-08-26,50,202,20,2,44,46,23,0,5,1,0,5,1,0,387,12
2025-08-27,50,202,20,2,44,46,23,0,5,1,0,5,1,0,387,12
2025-08-28,50,202,20,2,44,46,23,0,5,1,0,5,1,0,387,12
2025-08-29,50,202,20,2,44,46,23,0,5,1,0,5,1,0,387,12
2025-08-30,50,202,20,2,44,46,23,0,5,1,0,5,1,0,387,12
2025-08-31,50,202,20,2,44,46,23,0,5,1,0,5,1,0,387,12
2025-09-01,50,202,20,2,44,46,23,0,5,1,0,5,1,0,387,12
2025-09-02,50,202,20,2,44,46,23,0,5,1,0,5,1,0,387,12
2025-09-03,50,202,20,2,44,46,23,0,5,1,0,5,1,0,387,12
2025-09-04,50,202,20,2,44,46,23,0,5,1,0,5,1,0,387,12
2025-09-05,50,202,20,2,44,46,23,0,5,1,0,5,1,0,387,12
2025-09-06,50,202,20,2,44,46,23,0,5,1,0,5,1,0,387,12
2025-09-07,50,202,20,2,44,46,23,0,5,1,0,5,1,0,387,12
2025-09-08,50,202,20,2,44,46,23,0,5,1,0,5,1,0,387,12
2025-09-09,52,202,20,2,44,46,23,2,5,1,0,5,1,0,389,14
2025-09-10,53,202,20,2,44,46,23,3,5,1,0,5,1,0,390,15
2025-09-11,53,202,20,2,44,46,23,3,5,1,0,5,1,0,390,15
2025-09-12,53,202,20,2,44,46,23,3,5,1,0,5,1,0,390,15
2025-09-13,53,202,20,2,44,46,23,3,5,1,0,5,1,0,390,15
2025-09-14,53,202,20,2,44,46,23,3,5,1,0,5,1,0,390,15
2025-09-15,54,202,20,2,44,47,23,4,5,1,0,5,2,0,392,17
2025-09-16,54,202,20,2,44,47,23,4,5,1,0,5,2,0,392,17
2025-09-17,54,202,20,2,44,47,23,4,5,1,0,5,2,0,392,17
2025-09-18,54,202,20,2,44,47,23,4,5,1,0,5,2,0,392,17
2025-09-19,54,202,20,2,44,47,23,4,5,1,0,5,2,0,392,17
2025-09-20,54,202,20,2,44,47,23,4,5,1,0,5,2,0,392,17
2025-09-21,54,202,20,2,44,47,23,4,5,1,0,5,2,0,392,17
2025-09-22,54,202,20,2,44,47,23,4,5,1,0,5,2,0,392,17
2025-09-23,54,202,20,2,44,47,23,4,5,1,0,5,2,0,392,17
2025-09-24,54,202,20,2,44,47,23,4,5,1,0,5,2,0,392,17
2025-09-25,54,202,20,2,44,47,23,4,5,1,0,5,2,0,392,17
2025-09-26,54,202,20,2,44,47,23,4,5,1,0,5,2,0,392,17
2025-09-27,54,202,20,2,44,47,23,4,5,1,0,5,2,0,392,17
2025-09-28,54,202,20,2,44,47,23,4,5,1,0,5,2,0,392,17
2025-09-29,54,202,20,2,44,47,23,4,5,1,0,5,2,0,392,17
2025-09-30,54,202,20,2,44,47,23,4,5,1,0,5,2,0,392,17
2025-10-01,54,202,20,2,44,47,24,4,5,1,0,5,2,1,393,18
2025-10-02,55,202,20,2,44,47,24,5,5,1,0,5,2,1,394,19
2025-10-03,55,202,20,2,44,47,24,5,5,1,0,5,2,1,394,19
2025-10-04,55,202,20,2,44,47,24,5,5,1,0,5,2,1,394,19
2025-10-05,55,202,20,2,44,47,24,5,5,1,0,5,2,1,394,19
2025-10-06,55,202,20,2,44,47,24,5,5,1,0,5,2,1,394,19
2025-10-07,56,202,20,2,44,47,24,6,5,1,0,5,2,1,395,20
2025-10-08,56,202,20,2,45,47,24,6,5,1,0,6,2,1,396,21
2025-10-09,56,202,21,2,45,47,24,6,5,2,0,6,2,1,397,22
2025-10-10,56,202,22,2,45,47,24,6,5,3,0,6,2,1,398,23
2025-10-11,56,202,22,2,45,47,24,6,5,3,0,6,2,1,398,23
2025-10-12,56,202,22,2,45,48,24,6,5,3,0,6,3,1,399,24
2025-10-13,56,202,22,2,45,48,24,6,5,3,0,6,3,1,399,24
2025-10-14,56,203,22,2,45,48,24,6,6,3,0,6,3,1,400,25
2025-10-15,56,203,22,2,45,49,24,6,6,3,0,6,4,1,401,26
2025-10-16,56,203,23,2,45,49,25,6,6,4,0,6,4,2,403,28
2025-10-17,56,203,23,2,45,49,25,6,6,4,0,6,4,2,403,28
2025-10-18,56,203,23,2,45,49,25,6,6,4,0,6,4,2,403,28
2025-10-19,56,203,23,2,45,49,25,6,6,4,0,6,4,2,403,28
2025-10-20,56,203,23,2,45,49,25,6,6,4,0,6,4,2,403,28
2025-10-21,56,203,24,2,45,49,25,6,6,5,0,6,4,2,404,29
2025-10-22,56,203,24,2,45,49,25,6,6,5,0,6,4,2,404,29
2025-10-23,56,204,24,2,45,49,26,6,7,5,0,6,4,3,406,31
2025-10-24,56,207,24,2,45,49,26,6,10,5,0,6,4,3,409,34
2025-10-25,56,209,25,2,45,49,26,6,12,6,0,6,4,3,412,37
2025-10-26,56,210,25,2,45,49,27,6,13,6,0,6,4,4,414,39
2025-10-27,57,211,25,2,45,49,27,7,14,6,0,6,4,4,416,41
2025-10-28,58,213,25,2,45,49,27,8,16,6,0,6,4,4,419,44
2025-10-29,58,213,25,2,45,49,27,8,16,6,0,6,4,4,419,44
2025-10-30,61,214,25,2,45,49,27,11,17,6,0,6,4,4,423,48
2025-10-31,61,215,25,2,45,49,27,11,18,6,0,6,4,4,424,49
2025-11-01,61,216,25,2,45,49,27,11,19,6,0,6,4,4,425,50
2025-11-02,61,216,25,2,45,49,27,11,19,6,0,6,4,4,425,50
2025-11-03,62,216,25,2,45,49,27,12,19,6,0,6,4,4,426,51
2025-11-04,62,217,25,2,45,50,27,12,20,6,0,6,5,4,428,53
2025-11-05,62,218,25,2,45,50,27,12,21,6,0,6,5,4,429,54
2025-11-06,63,218,25,2,45,50,27,13,21,6,0,6,5,4,430,55
2025-11-07,63,220,25,2,45,50,27,13,23,6,0,6,5,4,432,57
2025-11-08,63,221,25,2,45,50,27,13,24,6,0,6,5,4,433,58
2025-11-09,63,221,25,2,45,50,27,13,24,6,0,6,5,4,433,58
2025-11-10,63,222,25,2,45,50,27,13,25,6,0,6,5,4,434,59
2025-11-11,63,222,25,2,45,50,27,13,25,6,0,6,5,4,434,59
2025-11-12,63,223,25,2,45,50,28,13,26,6,0,6,5,5,436,61
2025-11-13,63,224,25,2,45,50,28,13,27,6,0,6,5,5,437,62
2025-11-14,63,224,25,2,46,50,28,13,27,6,0,7,5,5,438,63
2025-11-15,63,224,25,2,46,50,28,13,27,6,0,7,5,5,438,63
2025-11-16,64,224,25,2,46,50,28,14,27,6,0,7,5,5,439,64
2025-11-17,64,224,25,2,46,50,28,14,27,6,0,7,5,5,439,64
2025-11-18,64,224,25,2,46,51,28,14,27,6,0,7,6,5,440,65
2025-11-19,65,224,25,2,46,51,28,15,27,6,0,7,6,5,441,66
2025-11-20,65,224,25,2,46,51,28,15,27,6,0,7,6,5,441,66
2025-11-21,66,224,25,2,46,51,28,16,27,6,0,7,6,5,442,67
2025-11-22,66,224,25,2,47,51,28,16,27,6,0,8,6,5,443,68
2025-11-23,66,224,25,2,47,51,28,16,27,6,0,8,6,5,443,68
2025-11-24,66,224,25,2,47,51,28,16,27,6,0,8,6,5,443,68
2025-11-25,66,224,25,2,47,51,28,16,27,6,0,8,6,5,443,68
2025-11-26,66,224,25,2,48,51,28,16,27,6,0,9,6,5,444,69
2025-11-27,66,224,25,2,48,51,28,16,27,6,0,9,6,5,444,69
2025-11-28,66,224,25,2,49,51,28,16,27,6,0,10,6,5,445,70
2025-11-29,66,225,25,2,50,51,28,16,28,6,0,11,6,5,447,72
2025-11-30,66,225,25,2,50,51,28,16,28,6,0,11,6,5,447,72
2025-12-01,66,225,26,2,50,51,28,16,28,7,0,11,6,5,448,73
2025-12-02,66,225,26,2,50,51,29,16,28,7,0,11,6,6,449,74
2025-12-03,66,225,26,2,50,51,29,16,28,7,0,11,6,6,449,74
2025-12-04,66,226,26,2,50,51,29,16,29,7,0,11,6,6,450,75
2025-12-05,66,226,26,2,50,51,29,16,29,7,0,11,6,6,450,75
2025-12-06,66,226,26,2,50,51,29,16,29,7,0,11,6,6,450,75
2025-12-07,66,226,26,2,50,51,29,16,29,7,0,11,6,6,450,75
2025-12-08,66,226,26,2,50,51,29,16,29,7,0,11,6,6,450,75
2025-12-09,66,226,26,2,50,51,29,16,29,7,0,11,6,6,450,75
2025-12-10,66,226,26,2,50,51,29,16,29,7,0,11,6,6,450,75
2025-12-11,66,226,26,2,50,51,29,16,29,7,0,11,6,6,450,75
2025-12-12,66,226,26,2,50,52,29,16,29,7,0,11,7,6,451,76
2025-12-13,66,226,26,2,50,52,29,16,29,7,0,11,7,6,451,76
2025-12-14,66,226,26,2,50,52,29,16,29,7,0,11,7,6,451,76
2025-12-15,66,226,26,2,51,52,29,16,29,7,0,12,7,6,452,77
2025-12-16,66,226,26,2,51,52,29,16,29,7,0,12,7,6,452,77
2025-12-17,66,226,26,2,51,52,29,16,29,7,0,12,7,6,452,77
2025-12-18,66,226,26,2,51,52,29,16,29,7,0,12,7,6,452,77
2025-12-19,66,228,26,2,52,52,29,16,31,7,0,13,7,6,455,80
2025-12-20,66,228,26,2,52,52,29,16,31,7,0,13,7,6,455,80
2025-12-21,66,228,26,2,53,52,29,16,31,7,0,14,7,6,456,81
2025-12-22,66,228,26,2,53,52,29,16,31,7,0,14,7,6,456,81
2025-12-23,66,228,26,2,53,52,29,16,31,7,0,14,7,6,456,81
2025-12-24,66,228,26,2,53,52,29,16,31,7,0,14,7,6,456,81
2025-12-25,66,228,26,2,53,52,29,16,31,7,0,14,7,6,456,81
2025-12-26,66,228,26,2,53,52,29,16,31,7,0,14,7,6,456,81
2025-12-27,66,228,26,2,53,52,29,16,31,7,0,14,7,6,456,81
2025-12-28,66,228,26,2,53,52,29,16,31,7,0,14,7,6,456,81
2025-12-29,66,228,26,2,53,52,29,16,31,7,0,14,7,6,456,81
2025-12-30,66,228,26,2,54,52,29,16,31,7,0,15,7,6,457,82
